Page,Name,Price,Publisher,SKU,Release Date,Platform,ESRB Rating,Star Rating,Reviews
2,Dragon Age: The Veilguard Deluxe - PlayStation 5,$89.99,Electronic Arts,6595736,10/31/2024,N/A,M (Mature 17+),4.2,28
2,TMNT Arcade: Wrath of the Mutants - PlayStation 5,$29.99,GameMill Entertainment,6577899,04/23/2024,N/A,E10+ (Everyone 10+),4.3,19
2,The Plucky Squire - PlayStation 5,$34.99,Devolver Digital,6599104,02/21/2025,N/A,E10+ (Everyone 10+),N/A,N/A
2,The Smurfs Village Party - PlayStation 5,$39.99,Microids,6579764,06/07/2024,N/A,E (Everyone),N/A,N/A
2,Suikoden I & II HD Remaster - PlayStation 5,$49.99,Konami,6599234,03/06/2025,N/A,T (Teen 13+),N/A,N/A
2,LEGO Star Wars: The Skywalker Saga Standard Edition - PlayStation 5,$29.99,WB Games,6428346,04/05/2022,PlayStation 5,E10+ (Everyone 10+),4.8,375
2,NBA 2K25 Standard Edition - PlayStation 5,$29.99,2K,6589464,09/04/2024,PlayStation 5,E (Everyone),4.7,202
2,Five Nights at Freddy's: Help Wanted 2 - PlayStation 5,$39.99,Maximum Games,6577573,06/20/2024,N/A,T (Teen 13+),4.5,8
2,Unicorn Overlord - PlayStation 5,$29.99,SEGA,6561944,03/08/2024,N/A,T (Teen 13+),4.9,69
2,Call of Duty: Modern Warfare III with C.O.D.E Bonus Standard Edition - PlayStation 5,$69.99,Activision Blizzard,6594297,11/10/2023,N/A,M (Mature 17+),5,5
2,Resident Evil 7 biohazard Gold Edition - PlayStation 5,$29.99,Capcom,6605840,01/10/2025,N/A,M (Mature 17+),N/A,N/A
2,EA Sports WRC - PlayStation 5,$49.99,Electronic Arts,6560370,11/03/2023,N/A,E (Everyone),4,27
2,Resident Evil 2 - PlayStation 5,$29.99,Capcom,6605838,01/10/2025,N/A,M (Mature 17+),5,3
2,WWE 2K24 Standard Edition - PlayStation 5,$19.99,2K,6573907,03/08/2024,PlayStation 5,T (Teen 13+),4.8,145
2,EA Sports UFC 5 - PlayStation 5,$24.99,Electronic Arts,6560369,10/27/2023,N/A,M (Mature 17+),4.6,181
2,Sackboy: A Big Adventure Standard - PlayStation 5,$59.99,Sony Interactive Entertainment,6430149,11/12/2020,N/A,E (Everyone),4.8,1349
2,Tiny Tina's Wonderlands Next-Level Edition - PlayStation 5,$19.99,2K,6479906,03/25/2022,PlayStation 5,T (Teen 13+),4.5,167
2,Tomb Raider I-III Remastered Starring Lara Croft Deluxe Edition - PlayStation 5,$29.99,Aspyr Media,6584965,10/18/2024,PlayStation 5,T (Teen 13+),3.9,35
2,Mortal Kombat 1 Standard Edition - PlayStation 5,$49.99,Warner Bros. Games,6546107,09/19/2023,PlayStation 5,M (Mature 17+),4.7,633
2,Dragon's Dogma 2 - PlayStation 5,$49.99,Capcom,6568821,03/22/2024,N/A,M (Mature 17+),3.7,363
3,Avatar: Frontiers of Pandora Standard Edition - PlayStation 5,$19.99,Ubisoft,6548130,12/07/2023,PlayStation 5,T (Teen 13+),4.5,473
3,Madden NFL 25 Standard Edition - PlayStation 5,$34.99,Electronic Arts,6584224,08/16/2024,PlayStation 5,E (Everyone),4.6,385
3,Quake - PlayStation 5,$34.99,Limited Run Games,6514363,11/29/2022,N/A,M (Mature 17+),4.9,29
3,Anno 1800 (Console Edition) Standard Edition - PlayStation 5,$29.99,Ubisoft,6532337,03/16/2023,PlayStation 5,T (Teen 13+),4.3,28
3,NHL 24 Standard Edition - PlayStation 5,$19.99,Electronic Arts,6557068,10/06/2023,PlayStation 5,E10+ (Everyone 10+),4.4,158
3,Final Fantasy XVI Standard Edition - PlayStation 5,$39.99,Square Enix,6528680,06/22/2023,N/A,M (Mature 17+),4.6,1713
3,Agatha Christie: The ABC Murders - PlayStation 5,$19.99,Microids,6579007,07/19/2024,N/A,T (Teen 13+),3,1
3,"Marvel's Spider-Man Game of the Year Edition - PlayStation 5, PlayStation 4",$31.99,Sony Interactive Entertainment,6363873,N/A,N/A,T (Teen 13+),4.9,3578
3,Crown Wars: The Black Prince - PlayStation 5,$49.99,Maximum Games,6588246,10/01/2024,N/A,M (Mature 17+),N/A,N/A
3,Saints Row Standard Edition - PlayStation 5,$19.99,Koch Media,6478101,08/23/2022,PlayStation 5,M (Mature 17+),3.8,212
3,New!FATAL FURY: City of the Wolves - SPECIAL EDITION: Deluxe Edition - PlayStation 5,$79.99,SNK Corporation,6616124,04/24/2025,N/A,T (Teen 13+),N/A,N/A
3,Stray - PlayStation 5,$39.99,Skybound,6514242,09/20/2022,N/A,E10+ (Everyone 10+),4.7,309
3,Hogwarts Legacy Standard Edition - PlayStation 5,$49.99,Warnr Bros. Games,6502569,02/10/2023,PlayStation 5,T (Teen 13+),4.8,1755
3,SOUTH PARK: SNOW DAY! - PlayStation 5,$29.99,THQ Nordic,6561879,03/26/2024,N/A,M (Mature 17+),4.2,47
3,Sonic Origins Plus - PlayStation 5,$19.99,SEGA,6539794,06/23/2023,N/A,E (Everyone),4.6,117
3,Balatro Special Edition - PlayStation 5,$24.99,Fireshine Games,6587511,10/15/2024,PlayStation 5,E10+ (Everyone 10+),4.7,19
3,New!PGA Tour 2K25 - PlayStation 5,$69.99,Take 2 Interactive,6615176,02/28/2025,N/A,E (Everyone),N/A,N/A
3,HELLDIVERS 2 - PlayStation 5,$39.99,PlayStation,6562187,02/08/2024,N/A,M (Mature 17+),4.7,566
3,Skautfold: Into the Fray - PlayStation 5,$24.99,Red Art Games,6594273,11/22/2024,N/A,M (Mature 17+),N/A,N/A
3,Astro Bot - PlayStation 5,$59.99,Sony Interactive Entertainment,6586163,09/06/2024,N/A,E10+ (Everyone 10+),4.9,473
4,Skydance's Behemoth - PlayStation 5,$39.99,Maximum Games,6587682,02/06/2025,N/A,M (Mature 17+),N/A,N/A
4,The Legend of Legacy HD Remastered - PlayStation 5,$49.99,Koei Tecmo,6563075,03/22/2024,N/A,E10+ (Everyone 10+),5,1
4,Minecraft - PlayStation 5,$29.99,Xbox Game Studios,6601903,10/22/2024,N/A,E10+ (Everyone 10+),4.8,11
4,Transformer Galactic Trails - PlayStation 5,$39.99,Outright Games,6589303,10/11/2024,N/A,E10+ (Everyone 10+),N/A,N/A
4,Star Wars Jedi: Survivor Standard Edition - PlayStation 5,$69.99,Electronic Arts,6528657,04/28/2023,PlayStation 5,T (Teen 13+),4.7,1771
4,The Texas Chain Saw Massacre - PlayStation 5,$21.99,Gun Interactive,6547993,08/18/2023,N/A,M (Mature 17+),4.6,141
4,Black Myth: Wukong - PlayStation 5,$64.99,PM Studios,6604912,12/12/2024,N/A,T (Teen 13+),4.8,84
4,EA  SPORTS NHL 25 - PlayStation 5,$39.99,Electronic Arts,6595738,10/04/2024,N/A,E10+ (Everyone 10+),4.7,39
4,Star Ocean The Divine Force - PlayStation 5,$39.99,Square Enix,6512351,10/27/2022,N/A,T (Teen 13+),4.7,92
4,Persona 3 Reload Launch Edition - PlayStation 5,$24.99,SEGA,6559692,02/02/2024,PlayStation 5,M (Mature 17+),4.9,167
4,Kingdom Come Deliverance II Standard Edition - PlayStation 5,$69.99,PLAION,6582120,02/04/2025,PlayStation 5,M (Mature 17+),N/A,N/A
4,The Legend of Heroes: Trails through Daybreak II - PlayStation 5,$59.99,Koei Tecmo,6590005,02/14/2025,N/A,T (Teen 13+),N/A,N/A
4,F1 24 Standard Edition - PlayStation 5,$39.99,Electronic Arts,6577861,05/31/2024,PlayStation 5,E (Everyone),4.3,16
4,Gran Turismo 7 - PlayStation 5,$69.99,Sony PlayStation,6501071,03/04/2022,N/A,E (Everyone),4.7,1467
4,Death Stranding Director’s Cut - PlayStation 5,$49.99,Sony PlayStation,6471392,09/24/2021,N/A,M (Mature 17+),4.6,405
4,BlackSad: Under the Skin - PlayStation 5,$17.49,Microids,6578998,07/12/2024,N/A,M (Mature 17+),5,1
4,Dragon Age: The Veilguard - PlayStation 5,$69.99,Electronic Arts,6595728,10/31/2024,N/A,M (Mature 17+),4,89
4,The Last of Us Part I - PlayStation 5,$69.99,PlayStation,6510195,09/02/2022,N/A,M (Mature 17+),4.8,1141
4,METAL GEAR SOLID Δ: SNAKE EATER – Tactical Edition - PlayStation 5,$69.99,Konami,6586815,Not Announced,PlayStation 5,RP (Rating Pending),N/A,N/A
4,Crisis Core-Final Fantasy VII-Reunion Standard Edition - PlayStation 5,$29.99,Square Enix,6511942,12/13/2022,PlayStation 5,T (Teen 13+),4.7,661
5,"DOOM Eternal Standard Edition - PlayStation 5, PlayStation 4",$27.99,Bethesda,6255267,03/20/2020,PlayStation 5 / PlayStation 4,M (Mature 17+),4.7,1097
5,The First Berserker: Khazan - PlayStation 5,$59.99,Fireshine Games,6611592,03/27/2025,N/A,M (Mature 17+),N/A,N/A
5,Cuisineer Day 1 Edition - PlayStation 5,$49.99,XSEED Games,6599301,01/28/2025,PlayStation 5,E10+ (Everyone 10+),N/A,N/A
5,Sid Meier's Civilization® VII Standard Edition - PlayStation 5,$69.99,Take 2 Interactive,6597468,02/11/2025,PlayStation 5,E10+ (Everyone 10+),N/A,N/A
5,"LEGO Marvel Collection Standard Edition - PlayStation 5, PlayStation 4",$19.99,WB Games,6332930,03/12/2019,N/A,E10+ (Everyone 10+),4.8,441
5,New!Killing Floor III - PlayStation 5,$39.99,PLAION,6614204,Not Announced,N/A,M (Mature 17+),N/A,N/A
5,Stellar Blade - PlayStation 5,$69.99,Sony Interactive Entertainment,6576381,04/26/2024,N/A,M (Mature 17+),4.9,374
5,New!Gris Devolver Deluxe Edition - PlayStation 5,$49.99,Devolver Digital,6616117,04/18/2025,PlayStation 5,E (Everyone),N/A,N/A
5,Monster Hunter Wilds SteelBook Edition - PlayStation 5,$74.99,Capcom,6602830,02/28/2025,PlayStation 5,T (Teen 13+),N/A,N/A
5,Dead Rising Deluxe Remaster - PlayStation 5,$39.99,Capcom,6589111,11/08/2024,N/A,M (Mature 17+),5,9
5,"Grand Theft Auto V Premium Edition - PlayStation 5, PlayStation 4",$18.49,Rockstar Games,6259297,06/05/2018,PlayStation 5 / PlayStation 4,M (Mature 17+),4.8,2545
5,MLB The Show 24 - PlayStation 5,$29.99,Sony Interactive Entertainment,6574098,03/19/2024,N/A,E (Everyone),4.8,234
5,New!FATAL FURY: City of the Wolves Special Edition - PlayStation 5,$59.99,SNK Corporation,6616123,04/24/2025,PlayStation 5,T (Teen 13+),N/A,N/A
5,THE LAST OF US PART II REMASTERED - PlayStation 5,$49.99,Sony Interactive Entertainment,6568839,01/19/2024,N/A,M (Mature 17+),4.8,225
5,Ghost of Tsushima Director's Cut - PlayStation 5,$69.99,Sony,6470670,08/20/2021,N/A,M (Mature 17+),4.9,1308
5,Ys Memoire: The Oath in Felghana Refined Edition - PlayStation 5,$59.99,XSEED Games,6589079,01/07/2025,PlayStation 5,T (Teen 13+),4.7,3
5,LEGO Horizon Adventures - PlayStation 5,$59.99,Sony Interactive Entertainment,6602880,11/14/2024,N/A,E10+ (Everyone 10+),4.1,18
5,Battlefield 2042 Standard Edition - PlayStation 5,$19.99,Electronic Arts,6465742,11/19/2021,PlayStation 5,M (Mature 17+),3.7,711
5,New!Gris - PlayStation 5,$29.99,Devolver Digital,6616115,04/18/2025,N/A,E (Everyone),N/A,N/A
5,Split Fiction - PlayStation 5,$49.99,Electronic Arts,6612616,03/06/2025,N/A,T (Teen 13+),N/A,N/A
6,Resident Evil 3 - PlayStation 5,$29.99,Capcom,6605839,01/10/2025,N/A,M (Mature 17+),N/A,N/A
6,Monster Hunter Wilds Standard Edition - PlayStation 5,$69.99,Capcom,6602828,02/28/2025,PlayStation 5,T (Teen 13+),N/A,N/A
6,Silent Hill 2 - PlayStation 5,$69.99,Konami,6567007,10/08/2024,N/A,M (Mature 17+),4.8,261
6,Horizon Forbidden West Complete Edition - PlayStation 5,$59.99,PlayStation,6561783,10/06/2023,N/A,T (Teen 13+),4.7,100
6,Like a Dragon: Pirate Yakuza in Hawaii Standard Edition - PlayStation 5,$59.99,SEGA,6602641,02/21/2025,PlayStation 5,M (Mature 17+),N/A,N/A
6,Horizon Zero Dawn Remastered - PlayStation 5,$49.99,Sony Interactive Entertainment,6602881,10/31/2024,N/A,T (Teen 13+),4.9,13
6,Until Dawn – PS5 - PlayStation 5,$59.99,Sony Interactive Entertainment,6596927,10/04/2024,N/A,M (Mature 17+),4.5,20
6,Sniper Elite: Resistance - PlayStation 5,$59.99,Fireshine Games,6605816,01/30/2025,N/A,M (Mature 17+),N/A,N/A
6,Far Cry 6 Standard Edition - PlayStation 5,$19.99,Ubisoft,6426006,10/07/2021,PlayStation 5,M (Mature 17+),4.5,1103
6,Immortals of Aveum Standard Edition - PlayStation 5,$19.99,Electronic Arts,6541714,08/22/2023,PlayStation 5,M (Mature 17+),4.5,68
6,"The Last of Us Part II Standard Edition - PlayStation 5, PlayStation 4",$39.99,Sony,6255399,06/19/2020,N/A,M (Mature 17+),4.7,5543
6,Ratchet & Clank: Rift Apart Standard Edition - PlayStation 5,$69.99,Sony PlayStation,6463683,06/11/2021,N/A,E10+ (Everyone 10+),4.9,787
6,Hitman World of Assassination - PlayStation 5,$39.99,IO Interactive,6547357,08/25/2023,N/A,M (Mature 17+),4.9,41
6,Marvel's Spider-Man: Miles Morales - PlayStation 5,$49.99,Sony,6460083,11/12/2020,N/A,T (Teen 13+),4.8,618
6,Prince of Persia: The Lost Crown Standard Edition - PlayStation 5,$19.99,Ubisoft,6548071,01/18/2024,PlayStation 5,T (Teen 13+),4.7,142
6,Marvel's Spider-Man: Miles Morales Ultimate Edition - PlayStation 5,$69.99,Sony Interactive Entertainment,6459585,02/09/2021,N/A,T (Teen 13+),4.9,657
6,UNCHARTED: Legacy of Thieves Collection - PlayStation 5,$49.99,Sony Interactive Entertainment,6491840,01/28/2022,N/A,T (Teen 13+),4.8,721
6,"EA Sports UFC 4 - PlayStation 5, PlayStation 4",$19.99,Electronic Arts,6415350,08/14/2020,N/A,T (Teen 13+),4.4,337
6,Final Fantasy VII Rebirth Standard Edition - PlayStation 5,$69.99,Square Enix,6560114,02/29/2024,N/A,T (Teen 13+),4.7,984
6,Star Wars: Jedi Fallen Order Standard Edition - PlayStation 5,$19.99,Electronic Arts,6465617,06/11/2021,N/A,T (Teen 13+),4.7,588
7,Final Fantasy VII Rebirth Standard Edition - PlayStation 5,$69.99,Square Enix,6560114,02/29/2024,N/A,T (Teen 13+),4.7,984
7,Star Wars: Jedi Fallen Order Standard Edition - PlayStation 5,$19.99,Electronic Arts,6465617,06/11/2021,N/A,T (Teen 13+),4.7,588
7,Rise of the Ronin - PlayStation 5,$69.99,Sony Interactive Entertainment,6569841,03/22/2024,N/A,M (Mature 17+),4.3,180
7,Madden NFL 24 Standard Edition - PlayStation 5,$19.99,Electronic Arts,6547578,08/18/2023,PlayStation 5,E (Everyone),4.6,1523
7,"Minecraft Starter Collection - PlayStation 4, PlayStation 5",$29.99,Sony Computer Entertainment,6390837,12/10/2019,N/A,E10+ (Everyone 10+),4.8,493
7,Disney Epic Mickey Rebrushed - PlayStation 5,$59.99,THQ Nordic Games,6577908,09/24/2024,N/A,E10+ (Everyone 10+),4.8,35
7,DRAGON QUEST III HD-2D Remake - PlayStation 5,$59.99,Square Enix,6587702,11/14/2024,N/A,E10+ (Everyone 10+),4.8,16
7,We Love Katamari REROLL + Royal Reverie - PlayStation 5,$19.99,Bandai Namco,6535557,06/02/2023,N/A,E (Everyone),4.9,27
7,Darkest Dungeon 2 - PlayStation 5,$35.99,Skybound,6594283,10/22/2024,N/A,T (Teen 13+),N/A,N/A
7,Street Fighter 6 Standard Edition - PlayStation 5,$39.99,Capcom,6528695,06/02/2023,PlayStation 5,T (Teen 13+),4.7,479
7,Call of Duty: Modern Warfare II Standard Edition - PlayStation 5,$52.99,Activision Publishing,6509888,10/28/2022,N/A,M (Mature 17+),4.6,1609
7,Suicide Squad: Kill The Justice League - PlayStation 5,$31.99,Warner Bros. Games,6567924,02/02/2024,N/A,M (Mature 17+),4.1,110
7,PGA Tour 2K23 Standard Edition - PlayStation 5,$29.99,2K,6517870,10/14/2022,PlayStation 5,E (Everyone),4.5,206
7,The Walking Dead: Destinies - PlayStation 5,$29.99,GameMill Entertainment,6557903,12/01/2023,N/A,M (Mature 17+),3.8,40
7,"Watch Dogs: Legion Standard Edition - PlayStation 5, PlayStation 4",$14.99,Ubisoft,6350606,10/29/2020,PlayStation 5 / PlayStation 4,M (Mature 17+),4.4,600
7,"Yakuza: Like a Dragon - PlayStation 5, PlayStation 4",$14.99,SEGA,6413107,12/31/2020,N/A,M (Mature 17+),4.8,609
7,TopSpin 2K25 Standard Edition - PlayStation 5,$24.99,2K,6573309,04/26/2024,PlayStation 5,E (Everyone),3.5,12
7,Sniper Elite: Resistance Deluxe Edition - PlayStation 5,$89.99,Fireshine Games,6605818,01/28/2025,PlayStation 5,M (Mature 17+),N/A,N/A
7,Honkai: Star Rail Trailblazer Edition - PlayStation 5,$39.99,PM Studios,6599733,01/30/2025,N/A,T (Teen 13+),N/A,N/A
7,DYNASTY WARRIORS: ORIGINS - PlayStation 5,$69.99,Koei Tecmo,6593134,01/17/2025,N/A,T (Teen 13+),5,3
8,Dead Space - PlayStation 5,$49.99,Electronic Arts,6522929,01/27/2023,N/A,M (Mature 17+),4.9,982
8,"Days Gone - PlayStation 5, PlayStation 4",$39.99,Sony,5358601,04/26/2019,N/A,M (Mature 17+),4.5,3004
8,"Call of Duty:  Modern Warfare II Cross-Gen Edition - PlayStation 5, PlayStation 4",$52.99,Activision Publishing,6509887,10/28/2022,PlayStation 5 / PlayStation 4,M (Mature 17+),4.7,485
8,EA Sports FC 24 Standard Edition - PlayStation 5,$23.99,Electronic Arts,6551242,09/29/2023,PlayStation 5,E (Everyone),4.7,983
8,Dead Island 2 Ultimate Edition - PlayStation 5,$69.99,PLAION,6600416,10/22/2024,PlayStation 5,M (Mature 17+),5,2
8,Neptunia Riders VS Dogoos - PlayStation 5,$39.99,Idea Factory,6597124,01/28/2025,N/A,E10+ (Everyone 10+),N/A,N/A
8,"Call of Duty: Modern Warfare Standard Edition - PlayStation 5, PlayStation 4",$59.99,Activision,6255127,10/25/2019,PlayStation 5 / PlayStation 4,M (Mature 17+),4.7,5919
8,Dead Island 2 - PlayStation 5,$29.99,Koch Media,6517772,04/21/2023,N/A,M (Mature 17+),4.5,388
8,Teenage Mutant Ninja Turtles: The Cowabunga Collection Standard Edition - PlayStation 5,$19.99,Konami,6502995,08/30/2022,PlayStation 5,T (Teen 13+),4.7,320
8,Gigantosaurus Dino Sports - PlayStation 5,$19.99,Outright Games,6583760,06/28/2024,N/A,E (Everyone),4,1
8,Atari 50: The Anniversary Celebration Expanded Edition - PlayStation 5,$39.99,Atari Interactive,6588796,11/08/2024,PlayStation 5,T (Teen 13+),3.5,4
8,Ys X: Nordics Deluxe Edition - PlayStation 5,$59.99,Koei Tecmo,6577912,10/25/2024,PlayStation 5,T (Teen 13+),4.7,17
8,Forspoken - PlayStation 5,$29.99,Square Enix,6492129,01/24/2023,N/A,M (Mature 17+),4.2,384
8,Wild Hearts - PlayStation 5,$19.99,Electronic Arts,6528656,02/16/2023,N/A,T (Teen 13+),4.5,117
8,Hot Wheels Unleashed 2 Turbocharged - PlayStation 5,$29.99,PLAION,6547045,10/19/2023,N/A,E (Everyone),4.9,15
8,Star Wars Outlaws Gold Edition - PlayStation 5,$79.99,Ubisoft,6578446,08/27/2024,PlayStation 5,T (Teen 13+),4.3,39
8,Skull and Bones Limited Edition - PlayStation 5,$14.99,Ubisoft,6512605,02/16/2024,PlayStation 5,M (Mature 17+),3.8,121
8,Demon's Souls Standard Edition - PlayStation 5,$69.99,Sony Interactive Entertainment,6430152,11/12/2020,N/A,M (Mature 17+),4.8,1882
8,AEW: Fight Forever Standard Edition - PlayStation 5,$29.99,THQ Nordic Games,6515617,06/29/2023,PlayStation 5,T (Teen 13+),4.2,137
8,"Tony Hawk's Pro Skater 1 + 2 Standard Edition - PlayStation 5, PlayStation 4",$32.99,Activision,6413625,09/04/2020,N/A,T (Teen 13+),4.8,1249
9,Hello Neighbor 2 Standard Edition - PlayStation 5,$19.99,Gearbox,6505080,12/06/2022,PlayStation 5,T (Teen 13+),4.3,27
9,Metaphor: ReFantazio Launch Edition - PlayStation 5,$49.99,SEGA,6583422,10/11/2024,PlayStation 5,T (Teen 13+),4.9,58
9,Atelier Yumia: The Alchemist of Memories & the Envisioned Land - PlayStation 5,$69.99,Koei Tecmo,6602625,03/21/2025,N/A,RP (Rating Pending),N/A,N/A
9,"It Takes Two - PlayStation 5, PlayStation 4",$39.99,Electronic Arts,6444455,03/26/2021,N/A,T (Teen 13+),4.9,685
9,RoboCop: Rogue City - PlayStation 5,$46.99,Maximum Games,6536644,11/02/2023,N/A,M (Mature 17+),4.5,126
9,DRAGON BALL: Sparking! ZERO - PlayStation 5,$69.99,BANDAI NAMCO Entertainment,6569425,10/11/2024,N/A,T (Teen 13+),4.3,202
9,Mortal Kombat 11 Ultimate Edition - PlayStation 5,$29.99,Warner Bros. Games,6414016,11/17/2020,N/A,M (Mature 17+),4.8,824
9,"Diablo IV Cross-Gen Bundle Edition - PlayStation 5, PlayStation 4",$69.99,Activision Blizzard,6528892,06/06/2023,PlayStation 5 / PlayStation 4,M (Mature 17+),4.7,104
9,Jurassic Park Classic Games Collection - PlayStation 5,$39.99,Limited Run Games,6576543,06/07/2024,N/A,E10+ (Everyone 10+),4.8,5
9,Octopath Traveler II - PlayStation 5,$34.99,Square Enix,6522074,02/24/2023,N/A,T (Teen 13+),4.8,115
9,Alone in the Dark Standard Edition - PlayStation 5,$59.99,THQ Nordic Games,6525804,03/20/2024,PlayStation 5,M (Mature 17+),4.2,50
9,Remnant 2 - PlayStation 5,$49.99,THQ Nordic Games,6546591,07/25/2023,N/A,M (Mature 17+),4.6,56
9,Hot Wheels Monster Trucks Stunt Mayhem - PlayStation 5,$39.99,GameMill Entertainment,6595410,10/18/2024,N/A,E (Everyone),5,2
9,Bleach: Rebirth of Souls - PlayStation 5,$59.99,BANDAI NAMCO Entertainment,6611591,03/21/2025,N/A,T (Teen 13+),N/A,N/A
9,Bluey: The Videogame - PlayStation 5,$39.99,Outright Games,6560713,11/17/2023,N/A,E (Everyone),4.6,68
9,Farming Simulator 25 - PlayStation 5,$59.99,Giants Software,6588262,11/12/2024,N/A,E (Everyone),4.3,7
9,Metal Gear Solid: Master Collection Vol.1 - PlayStation 5,$31.99,Konami,6550377,10/24/2023,N/A,M (Mature 17+),4.7,271
9,Tom Clancy's Rainbow Six Extraction Standard Edition - PlayStation 5,$23.99,Ubisoft,6468473,01/20/2022,PlayStation 5,M (Mature 17+),4.3,113
9,Shantae - PlayStation 5,$34.99,Limited Run Games,6514359,03/01/2024,N/A,E10+ (Everyone 10+),4.8,13
9,Kingdom Come Deliverance II Gold Edition - PlayStation 5,$89.99,PLAION,6597422,02/04/2025,PlayStation 5,M (Mature 17+),N/A,N/A
10,Gotham Knights Standard Edition - PlayStation 5,$29.99,Warner Bros. Games,6507722,10/21/2022,PlayStation 5,T (Teen 13+),4.1,549
10,Atomfall - PlayStation 5,$59.99,Fireshine Games,6607932,03/27/2025,N/A,RP (Rating Pending),N/A,N/A
10,Asphalt Legends UNITE: Supercharged Edition - PlayStation 5,$39.99,Maximum Games,6585759,10/01/2024,N/A,E (Everyone),4.3,3
10,Shantae and the Pirate's Curse - PlayStation 5,$34.99,Limited Run Games,6514356,11/29/2022,N/A,T (Teen 13+),4.9,49
10,Looney Tunes: Wacky World of Sports - PlayStation 5,$42.99,GameMill Entertainment,6587807,09/27/2024,N/A,E (Everyone),4.5,6
10,New!The Messenger - PlayStation 5,$29.99,Devolver Digital,6613700,03/21/2025,N/A,E10+ (Everyone 10+),N/A,N/A
10,Super Mega Baseball 4 Standard Edition - PlayStation 5,$19.99,Electronic Arts,6543695,06/02/2023,PlayStation 5,E (Everyone),4.6,43
10,"Assassin's Creed Mirage Deluxe Edition - PlayStation 4, PlayStation 5",$59.99,Ubisoft,6520421,10/05/2023,N/A,M (Mature 17+),4.4,53
10,Dustborn Limited Edition - PlayStation 5,$39.99,Quantic Dream,6580813,08/20/2024,PlayStation 5,M (Mature 17+),3,2
10,Let's Sing 2025 - PlayStation 5,$59.99,PLAION,6590040,11/05/2024,N/A,T (Teen 13+),3.2,5
10,"Warhammer 40,000: Space Marine 2 - PlayStation 5",$69.99,PLAION,6576886,09/09/2024,N/A,M (Mature 17+),4,87
10,Alan Wake 2 Deluxe Edition - PlayStation 5,$79.99,Epic Games,6586771,10/22/2024,PlayStation 5,M (Mature 17+),4.9,70
10,NARUTO X BORUTO Ultimate Ninja STORM CONNECTIONS - PlayStation 5,$29.99,Bandai Namco,6537075,11/17/2023,N/A,T (Teen 13+),4.2,51
10,Harry Potter: Quidditch Champions Deluxe Edition - PlayStation 5,$35.99,Warner Bros. Games,6593630,11/08/2024,PlayStation 5,T (Teen 13+),N/A,N/A
10,Master Detective Archives: RAIN CODE Plus: Lucid-Noir Limited Edition - PlayStation 5,$99.99,Spike Chunsoft,6584159,10/01/2024,N/A,M (Mature 17+),4,4
10,Tormented Souls 2 - PlayStation 5,$44.99,PQube,6560819,04/24/2025,N/A,RP (Rating Pending),N/A,N/A
10,One Last Breath - PlayStation 5,$34.99,Selecta Play,6579207,09/27/2024,N/A,T (Teen 13+),N/A,N/A
10,Pickleball: Smash - PlayStation 5,$19.99,GameMill Entertainment,6553318,10/24/2023,N/A,E (Everyone),3.7,6
10,Payday 3 Standard Edition - PlayStation 5,$29.99,PLAION,6547915,09/21/2023,PlayStation 5,M (Mature 17+),3.8,44
10,Saga of Sins - PlayStation 5,$32.99,Red Art Games,6547049,02/09/2024,N/A,E10+ (Everyone 10+),5,1
11,The Plucky Squire Devolver Deluxe Edition - PlayStation 5,$54.99,Devolver Digital,6599107,02/21/2025,PlayStation 5,E10+ (Everyone 10+),N/A,N/A
11,Macross -Shooting Insight- - PlayStation 5,$49.99,Red Art Games,6600392,03/31/2025,N/A,RP (Rating Pending),N/A,N/A
11,The Bridge Curse 2: The Extrication - PlayStation 5,$39.99,PQube,6583756,10/25/2024,N/A,RP (Rating Pending),N/A,N/A
11,Shadow Labyrinth: Secret Edition - PlayStation 5,$59.99,BANDAI NAMCO Entertainment,6612615,Not Announced,N/A,RP (Rating Pending),N/A,N/A
11,Star Ocean The Second Story R - PlayStation 5,$28.99,Square Enix,6550484,11/02/2023,N/A,T (Teen 13+),4.9,87
11,Atomic Heart Standard Edition - PlayStation 5,$38.99,Maximum Games,6531038,02/21/2023,N/A,M (Mature 17+),4.3,66
11,"Crash Team Rumble - PlayStation 5, PlayStation 4",$37.99,Activision,6540862,06/20/2023,N/A,E10+ (Everyone 10+),4.2,15
11,MADiSON VR Cursed Edition - PlayStation 5,$39.99,Perp Games,6561806,06/11/2024,N/A,RP (Rating Pending),5,2
11,Matchbox  Driving Adventures - PlayStation 5,$34.99,Outright Games,6586557,09/20/2024,N/A,E (Everyone),5,1
11,Neva - PlayStation 5,$34.99,Devolver Digital,6604990,04/18/2025,N/A,E10+ (Everyone 10+),N/A,N/A
11,NFS Unbound - PlayStation 5,$19.99,Electronic Arts,6523085,12/02/2022,N/A,T (Teen 13+),4.4,412
11,Visions of Mana - PlayStation 5,$59.99,Square Enix,6569440,08/29/2024,N/A,T (Teen 13+),4.8,19
11,Nick Jr. Party Adventure - PlayStation 5,$19.99,Outright Games,6588801,10/11/2024,N/A,E (Everyone),N/A,N/A
11,Phantom Breaker: Battle Grounds Ultimate Ultimate Edition - PlayStation 5,$109.99,Rocket Panda Games,6588253,04/17/2025,PlayStation 5,E10+ (Everyone 10+),N/A,N/A
11,Slay the Princess - The Pristine Cut - PlayStation 5,$44.99,Serenity Forge,6586776,05/30/2025,N/A,E10+ (Everyone 10+),N/A,N/A
11,Tiebreak: The Official Game of the ATP and WTA - PlayStation 5,$49.99,Maximum Games,6576547,09/03/2024,N/A,E (Everyone),3.8,4
11,Cat Quest III - PlayStation 5,$29.99,Maximum Games,6584246,08/08/2024,N/A,E10+ (Everyone 10+),4,1
11,The Grinch Christmas Adventures - PlayStation 5,$39.99,Outright Games,6588242,09/27/2024,N/A,E (Everyone),5,1
11,New!Sociable Soccer 25 - PlayStation 5,$29.99,Contact Sales,6616114,03/31/2025,N/A,RP (Rating Pending),N/A,N/A
11,REYNATIS Deluxe Edition - PlayStation 5,$53.99,Koei Tecmo,6578461,09/27/2024,PlayStation 5,T (Teen 13+),4.2,5
12,Slitterhead Day 1 Edition - PlayStation 5,$59.99,XSEED Games,6587676,11/08/2024,N/A,M (Mature 17+),3.8,11
12,TramSim Deluxe Edition - PlayStation 5,$36.99,Maximum Games,6562605,03/12/2024,N/A,E (Everyone),N/A,N/A
12,Like a Dragon: Ishin! - PlayStation 5,$59.99,Sega,6522049,02/21/2023,N/A,M (Mature 17+),4.7,132
12,Unknown 9: Awakening - PlayStation 5,$29.99,BANDAI NAMCO Entertainment,6579877,10/18/2024,N/A,T (Teen 13+),2.5,2
12,Gravity Circuit - PlayStation 5,$39.99,Red Art Games,6567968,06/28/2024,N/A,E10+ (Everyone 10+),5,2
12,EA Sports PGA Tour - PlayStation 5,$29.99,Electronic Arts,6532138,04/07/2023,N/A,E (Everyone),4.4,201
12,Little Nightmares III - PlayStation 5,$39.99,BANDAI NAMCO Entertainment,6559696,Not Announced,N/A,RP (Rating Pending),N/A,N/A
12,The Karate Kid Street Rumble - PlayStation 5,$39.99,Gamemill Entertainment,6589799,09/20/2024,N/A,E10+ (Everyone 10+),4.3,3
12,Under the Waves - PlayStation 5,$29.99,Quantic Dream,6549976,08/29/2023,N/A,M (Mature 17+),4.9,8
12,Tomb Raider I-III Remastered Starring Lara Croft - PlayStation 5,$19.99,Aspyr Media,6584963,10/18/2024,N/A,T (Teen 13+),4.8,16
12,Eiyuden Chronicle: HUNDRED HEROES - PlayStation 5,$46.99,505 Games,6563684,04/23/2024,N/A,E10+ (Everyone 10+),4.5,34
12,Destruction AllStars - PlayStation 5,$19.99,PlayStation,6459523,04/30/2021,N/A,T (Teen 13+),4.2,55
12,DRAGON BALL FighterZ - PlayStation 5,$19.99,BANDAI NAMCO Entertainment,6579199,05/24/2024,N/A,T (Teen 13+),5,3
12,Atelier Ryza 3: Alchemist of the End & the Secret Key - PlayStation 5,$59.99,Koei Tecmo,6523299,03/24/2023,N/A,T (Teen 13+),4.9,17
12,Railroads Online Pioneer Edition - PlayStation 5,$39.99,Astragon Entertainment,6610269,02/27/2025,N/A,E (Everyone),N/A,N/A
12,Ambulance Life - PlayStation 5,$39.99,Maximum Games,6569409,02/06/2025,N/A,M (Mature 17+),N/A,N/A
12,Farming Simulator 22 Premium Edition - PlayStation 5,$59.99,Giants Software,6560929,12/05/2023,PlayStation 5,E (Everyone),5,3
12,Just Dance 2025 Limited Edition - PlayStation 5,$49.99,Ubisoft,6587708,10/15/2024,PlayStation 5,E10+ (Everyone 10+),2.5,10
12,Disney Dreamlight Valley Cozy Edition - PlayStation 5,$39.99,Nighthawk Interactive,6559228,11/10/2023,PlayStation 5,E (Everyone),4.9,35
12,New!United Assault Normandy '44 - PlayStation 5,$29.99,GS2 Games,6615178,03/18/2025,N/A,RP (Rating Pending),N/A,N/A
13,WitchSpring R Collector's Edition - PlayStation 5,$119.99,PM Studios,6587400,02/21/2025,PlayStation 5,E10+ (Everyone 10+),N/A,N/A
13,Romancing SaGa -Minstrel Song- Remastered International - PlayStation 5,$44.99,Red Art Games,6600418,03/31/2025,N/A,RP (Rating Pending),N/A,N/A
13,30 Sport Games in 1 - PlayStation 5,$29.99,Maximum Games,6553349,02/27/2024,N/A,E (Everyone),4.4,7
13,The Eternal Life of Goldman - PlayStation 5,$29.99,THQ Nordic,6595203,Not Announced,N/A,RP (Rating Pending),N/A,N/A
13,Halloween and Ash vs Evil Dead RetroRealms Double Feature - PlayStation 5,$49.99,Nighthawk Interactive,6595226,10/25/2024,N/A,M (Mature 17+),5,6
13,Cobra Kai 2 Dojos Rising - PlayStation 5,$29.99,GameMill Entertainment,6512297,11/08/2022,N/A,T (Teen 13+),3.5,11
13,Morkull Ragast's Rage - PlayStation 5,$29.99,Selecta Play,6597128,01/31/2025,N/A,M (Mature 17+),N/A,N/A
13,No longer human - PlayStation 5,$34.99,PM Studios,6510107,01/31/2026,N/A,RP (Rating Pending),N/A,N/A
13,Guilty Gear Strive 25th Anniversary Edition - PlayStation 5,$109.99,Koei Tecmo,6577570,05/07/2024,N/A,T (Teen 13+),4.8,6
13,UFO Robot Grendizer: The Feast of the Wolves﻿ - PlayStation 5,$35.99,Microids,6540369,01/16/2024,N/A,T (Teen 13+),4.7,10
13,Umurangi Generation Deluxe Set - PlayStation 5,$69.99,Serenity Forge,6611607,05/30/2025,N/A,M (Mature 17+),N/A,N/A
13,Jujutsu Kaisen Cursed Clash - PlayStation 5,$29.99,BANDAI NAMCO Entertainment,6550441,02/02/2024,N/A,T (Teen 13+),3.5,17
13,The Courier - PlayStation 5,$34.99,PM Studios,6510103,01/31/2026,N/A,RP (Rating Pending),N/A,N/A
13,The Texas Chain Saw Massacre 50th Anniversary  Steelbook Collector's Edition - PlayStation 5,$99.99,Nighthawk Interactive,6590030,10/25/2024,PlayStation 5,M (Mature 17+),1,5
13,Dragon Ball Z: Kakarot Standard Edition - PlayStation 5,$19.99,Bandai Namco,6522587,01/13/2023,PlayStation 5,T (Teen 13+),4.8,181
13,Hammerwatch II The Chronicles Edition - PlayStation 5,$37.99,Maximum Games,6541730,12/12/2023,PlayStation 5,T (Teen 13+),N/A,N/A
13,Neon White - PlayStation 5,$31.99,Skybound,6546384,09/12/2023,N/A,T (Teen 13+),5,2
13,Persona 5 Royal 1 More Edition - PlayStation 5,$119.99,SEGA,6557689,09/15/2023,PlayStation 5,M (Mature 17+),3.7,3
13,Empire of the Ants - PlayStation 5,$49.99,Microids,6579000,11/07/2024,N/A,E10+ (Everyone 10+),4,4
13,Gangs of Sherwood - PlayStation 5,$47.99,Maximum Games,6549223,11/30/2023,N/A,T (Teen 13+),N/A,N/A
14,"Death Stranding Standard Edition - PlayStation 5, PlayStation 4",$39.99,Sony,5360401,11/08/2019,N/A,M (Mature 17+),4.4,1757
14,Wild Bastards - PlayStation 5,$39.99,Maximum Games,6579209,09/12/2024,N/A,M (Mature 17+),5,1
14,Super Bomberman R 2 - PlayStation 5,$29.99,Konami,6541077,09/12/2023,N/A,E10+ (Everyone 10+),4.8,6
14,Eternights - PlayStation 5,$29.99,Maximum Games,6560716,11/16/2023,N/A,M (Mature 17+),4.5,21
14,"Nioh 2 Standard Edition - PlayStation 5, PlayStation 4",$39.99,Sony,6255295,03/13/2020,N/A,M (Mature 17+),4.6,689
14,Rugrats Adventures in Gameland - PlayStation 5,$39.99,Limited Run Games,6578472,12/06/2024,N/A,RP (Rating Pending),5,1
14,Pepper Grinder - PlayStation 5,$29.99,Devolver Digital,6588216,10/04/2024,N/A,E10+ (Everyone 10+),4.7,3
14,Death end re;Quest Code Z - PlayStation 5,$49.99,Idea Factory,6589312,06/30/2025,N/A,RP (Rating Pending),N/A,N/A
14,Expeditions: A Mudrunner Game! - PlayStation 5,$29.99,PLAION,6570206,03/05/2024,N/A,E (Everyone),3.9,7
14,Harvest Days - PlayStation 5,$29.99,GS2 Games,6535764,10/22/2024,N/A,E (Everyone),N/A,N/A
14,Shadow Labyrinth - PlayStation 5,$29.99,BANDAI NAMCO Entertainment,6612609,Not Announced,N/A,RP (Rating Pending),N/A,N/A
14,Halloween and Ash vs Evil Dead RetroRealms Double Feature Special Edition - PlayStation 5,$79.99,Nighthawk Interactive,6595229,10/31/2024,PlayStation 5,M (Mature 17+),5,6
14,Cities: Skylines II - PlayStation 5,$49.99,PLAION,6550354,Not Announced,N/A,E (Everyone),N/A,N/A
14,New!Roadcraft - PlayStation 5,$39.99,Maximum Games,6613703,12/31/2025,N/A,E (Everyone),N/A,N/A
14,Lempo - PlayStation 5,$34.99,Red Art Games,6579206,11/08/2024,N/A,M (Mature 17+),N/A,N/A
14,Coffee Talk Single Shot Edition - PlayStation 5,$39.99,Serenity Forge,6532364,10/24/2023,PlayStation 5,M (Mature 17+),5,2
14,Lost Records: Bloom & Rage - PlayStation 5,$39.99,Maximum Games,6599100,Not Announced,N/A,RP (Rating Pending),N/A,N/A
14,Gothic 1 Remake - PlayStation 5,$59.99,THQ Nordic Games,6528379,12/31/2025,N/A,M (Mature 17+),N/A,N/A
14,SCHiM - PlayStation 5,$34.99,Iam8bit,6590037,11/08/2024,N/A,E (Everyone),N/A,N/A
14,A Plague Tale Collection - PlayStation 5,$49.99,Maximum Games,6602960,12/05/2024,N/A,M (Mature 17+),5,7
15,SWORD ART ONLINE Fractured Daydream - PlayStation 5,$39.99,BANDAI NAMCO Entertainment,6577663,10/04/2024,N/A,T (Teen 13+),N/A,N/A
15,"Monopoly Plus + Monopoly Madness - PlayStation 5, PlayStation 4",$49.99,Ubisoft,6486774,12/09/2021,N/A,E (Everyone),4.5,44
15,Life Is Strange: Double Exposure - PlayStation 5,$49.99,Square Enix,6587216,10/29/2024,N/A,M (Mature 17+),4.2,22
15,DreamWorks Trolls Remix Rescue - PlayStation 5,$29.99,GameMill Entertainment,6553305,10/27/2023,N/A,E (Everyone),4.7,10
15,Bomb Rush Cyberfunk - PlayStation 5,$39.99,Skybound,6561801,12/05/2023,N/A,T (Teen 13+),4.8,18
15,New!United Assault World War 2 - PlayStation 5,$29.99,GS2 Games,6615185,03/18/2025,N/A,RP (Rating Pending),N/A,N/A
15,Pocket Bravery - PlayStation 5,$29.99,PQube,6546598,03/20/2025,N/A,T (Teen 13+),N/A,N/A
15,Gothic Remake Collector's Edition - PlayStation 5,$199.99,THQ Nordic Games,6583408,12/31/2025,PlayStation 5,M (Mature 17+),N/A,N/A
15,Born of Bread - PlayStation 5,$39.99,Red Art Games,6580161,03/31/2025,N/A,E10+ (Everyone 10+),N/A,N/A
15,Juicy Realm - PlayStation 5,$34.99,PM Studios,6574073,05/21/2024,N/A,E10+ (Everyone 10+),N/A,N/A
15,Trinity Trigger Day 1 Edition - PlayStation 5,$29.99,Xseed Games,6524831,04/25/2023,N/A,E10+ (Everyone 10+),4.8,28
15,Monster Energy Supercross 25 - PlayStation 5,$59.99,PLAION,6603889,Not Announced,N/A,E (Everyone),N/A,N/A
15,Monster High Skulltimate Secrets - PlayStation 5,$39.99,Outright Games,6593104,10/29/2024,N/A,E (Everyone),N/A,N/A
15,Yars Rising - PlayStation 5,$29.99,Atari Interactive,6585757,09/10/2024,N/A,E10+ (Everyone 10+),5,1
15,One Piece Odyssey - PlayStation 5,$19.99,Bandai Namco,6503826,01/13/2023,N/A,T (Teen 13+),4.7,105
15,Barbie Project Friendship - PlayStation 5,$39.99,Outright Games,6593125,10/25/2024,N/A,E (Everyone),N/A,N/A
15,RPG MAKER WITH - PlayStation 5,$49.99,Koei Tecmo,6581635,02/21/2025,N/A,E10+ (Everyone 10+),N/A,N/A
15,Marvel's Midnight Suns Enhanced Edition - PlayStation 5,$19.99,2K,6509602,12/02/2022,PlayStation 5,T (Teen 13+),4.1,155
15,Read Only Memories: NEURODIVER Collector's Edition - PlayStation 5,$99.99,Serenity Forge,6578999,02/14/2025,PlayStation 5,T (Teen 13+),N/A,N/A
15,"Call of Duty: Modern Warfare III Cross-Gen Bundle Edition - PlayStation 5, PlayStation 4",$69.99,Activision Blizzard,6558584,11/10/2023,PlayStation 5 / PlayStation 4,M (Mature 17+),4.7,165
16,Story of Seasons: A Wonderful Life Premium Edition - PlayStation 5,$39.99,Xseed Games,6531048,06/27/2023,N/A,E (Everyone),4.8,8
16,Outer Wilds Archaeologist Edition - PlayStation 5,$39.99,Iam8bit,6578462,08/30/2024,PlayStation 5,E10+ (Everyone 10+),3.1,8
16,The Oregon Trail Deluxe Edition - PlayStation 5,$39.99,Maximum Games,6583426,07/18/2024,PlayStation 5,E10+ (Everyone 10+),4.8,5
16,Wingspan Special Edition - PlayStation 5,$39.99,Merge Games,6590038,10/11/2024,PlayStation 5,E (Everyone),N/A,N/A
16,Totally Spies! - Cyber Mission - PlayStation 5,$39.99,Microids,6593122,11/08/2024,N/A,E (Everyone),5,1
16,Dolphin Spirit: Ocean Mission - PlayStation 5,$29.99,Microids,6551706,12/08/2023,N/A,E (Everyone),N/A,N/A
16,Little Big Adventure - Twinsen's Quest Limited Edition - PlayStation 5,$39.99,Microids,6593161,01/03/2025,PlayStation 5,E10+ (Everyone 10+),5,1
16,Crash Team Rumble - PlayStation 5,$39.99,Activision,6540863,06/20/2023,N/A,E10+ (Everyone 10+),4,51
16,Wreckreation - PlayStation 5,$39.99,THQ Nordic Games,6528380,12/31/2025,N/A,RP (Rating Pending),N/A,N/A
16,Care Bears: Unlock the Magic - PlayStation 5,$39.99,Maximum Games,6611586,03/27/2025,N/A,E (Everyone),N/A,N/A
16,Broken Sword - Shadow of the Templars: Reforged - PlayStation 5,$39.99,Red Art Games,6600423,03/31/2025,N/A,RP (Rating Pending),N/A,N/A
16,A Space for the Unbound Collector's Edition - PlayStation 5,$99.99,Serenity Forge,6553363,04/02/2024,PlayStation 5,T (Teen 13+),5,1
16,Amerzone Remake: The Explorer's Legacy - PlayStation 5,$39.99,Microids,6579001,04/30/2025,N/A,T (Teen 13+),N/A,N/A
16,Train Sim World 5 - PlayStation 5,$49.99,Maximum Games,6610270,03/13/2025,N/A,E (Everyone),N/A,N/A
16,Outcast - A New Beginning Adelpha Edition - PlayStation 5,$141.99,THQ Nordic,6570215,03/15/2024,PlayStation 5,T (Teen 13+),N/A,N/A
16,Killer Klowns from Outer Space - PlayStation 5,$39.99,Skybound,6595214,10/15/2024,N/A,M (Mature 17+),5,1
16,The Lord of the Rings: Return to Moria - PlayStation 5,$29.99,North Beach Games,6561826,12/05/2023,N/A,T (Teen 13+),4.1,14
16,Spirit Hunter: Death Mark II - PlayStation 5,$49.99,Aksys Games,6561802,02/15/2024,N/A,M (Mature 17+),N/A,N/A
16,"Call of Duty: Black Ops Cold War Standard Edition - PlayStation 5, PlayStation 4",$59.99,Activision Publishing,6413914,11/13/2020,PlayStation 5 / PlayStation 4,M (Mature 17+),4.6,1895
16,"El Paso, Elsewhere - PlayStation 5",$29.99,Nighthawk Interactive,6589271,09/27/2024,N/A,M (Mature 17+),5,3
17,Enotria: The Last Song Deluxe Edition - PlayStation 5,$54.99,Fireshine Games,6589269,12/31/2025,N/A,RP (Rating Pending),N/A,N/A
17,METAL GEAR SOLID Δ: SNAKE EATER Collector's Edition - PlayStation 5,$199.99,Konami,6586816,Not Announced,PlayStation 5,RP (Rating Pending),N/A,N/A
17,"Dying Light 2 Stay Human Standard Edition - PlayStation 5, PlayStation 4",$59.99,Square Enix,6255135,02/04/2022,N/A,M (Mature 17+),4.5,116
17,Battle of Rebels - PlayStation 5,$39.99,GS2 Games,6535756,02/25/2025,N/A,T (Teen 13+),N/A,N/A
17,Blasphemous II Limited Collector's Edition - PlayStation 5,$99.99,Selecta Play,6571348,08/20/2024,PlayStation 5,M (Mature 17+),4.8,4
17,"Tales of Arise - PlayStation 5, PlayStation 4",$18.99,BANDAI NAMCO Entertainment,6352245,09/10/2021,N/A,T (Teen 13+),4.8,125
17,WitchSpring R - PlayStation 5,$39.99,PM Studios,6587395,10/11/2024,N/A,E10+ (Everyone 10+),5,1
17,Touhou Spell Carnival - PlayStation 5,$47.99,Idea Factory,6589306,11/19/2024,N/A,E10+ (Everyone 10+),N/A,N/A
17,Neva Devolver Deluxe Edition - PlayStation 5,$54.99,Devolver Digital,6604989,03/14/2025,PlayStation 5,E10+ (Everyone 10+),N/A,N/A
17,Smile For Me Collector's Edition - PlayStation 5,$70.99,Serenity Forge,6531045,11/21/2023,PlayStation 5,E10+ (Everyone 10+),5,1
17,Pacific Drive Deluxe Edition - PlayStation 5,$39.99,Maximum Games,6568817,04/09/2024,N/A,T (Teen 13+),4.7,16
17,Sea of Stars - PlayStation 5,$24.99,Iam8bit,6574283,05/10/2024,N/A,E10+ (Everyone 10+),4.8,12
17,Revenge of the Savage Planet Day 1 Edition - PlayStation 5,$49.99,Maximum Games,6601581,Not Announced,PlayStation 5,RP (Rating Pending),N/A,N/A
17,Rhapsody: Marl Kingdom Chronicles Deluxe Edition - PlayStation 5,$49.99,Koei Tecmo,6536651,08/29/2023,N/A,T (Teen 13+),4,1
17,"Rabbids: Party of Legends - PlayStation 5, PlayStation 4",$39.99,Ubisoft,6507646,06/30/2022,N/A,E (Everyone),4.6,26
17,Leo the Firefighter Cat - PlayStation 5,$27.99,Maximum Games,6577574,08/29/2024,N/A,E10+ (Everyone 10+),N/A,N/A
17,Flashback 2 Limited Edition - PlayStation 5,$49.99,Microids,6551722,02/16/2024,PlayStation 5,T (Teen 13+),3.5,2
17,SOUTH PARK: SNOW DAY! Collector's Edition - PlayStation 5,$219.99,THQ Nordic,6571310,03/26/2024,PlayStation 5,M (Mature 17+),3.9,7
17,Elypse - PlayStation 5,$34.99,Red Art Games,6593710,03/21/2025,N/A,E10+ (Everyone 10+),N/A,N/A
17,New!My Vet Practice in the Zoo - PlayStation 5,$29.99,GS2 Game,6616118,04/29/2025,N/A,E (Everyone),N/A,N/A
18,Overthrown - PlayStation 5,$39.99,Maximum Games,6599668,Not Announced,N/A,RP (Rating Pending),N/A,N/A
18,Super Woden GP Podium Edition - PlayStation 5,$29.99,GS2 Game,6599670,11/26/2024,PlayStation 5,E (Everyone),4,1
18,Nocturnal - PlayStation 5,$34.99,Red Art Games,6582290,03/31/2025,N/A,T (Teen 13+),N/A,N/A
18,Sid Meier's Civilization® VII Deluxe Edition - PlayStation 5,$99.99,Take 2 Interactive,6597515,02/06/2025,PlayStation 5,E10+ (Everyone 10+),N/A,N/A
18,My Time at Sandrock Collector's Edition - PlayStation 5,$74.99,PM Studios,6548165,11/17/2023,PlayStation 5,E10+ (Everyone 10+),3.5,2
18,NOOB: The Factionless - PlayStation 5,$31.99,Maximum Games,6541070,08/29/2023,N/A,E10+ (Everyone 10+),N/A,N/A
18,Humankind Heritage Edition - PlayStation 5,$44.99,SEGA,6557688,10/10/2023,N/A,E10+ (Everyone 10+),4.5,2
18,Lost Ruins - PlayStation 5,$39.99,Red Art Games,6563067,03/31/2025,N/A,T (Teen 13+),N/A,N/A
18,Phantom Brave: The Lost Hero Deluxe Edition - PlayStation 5,$59.99,Koei Tecmo,6587960,01/30/2025,PlayStation 5,T (Teen 13+),N/A,N/A
18,Sky Oceans: Wings for Hire - PlayStation 5,$39.99,PQube,6583748,10/11/2024,N/A,RP (Rating Pending),N/A,N/A
18,Potionomics Masterwork Edition - PlayStation 5,$49.99,XSEED Games,6581955,10/22/2024,PlayStation 5,E10+ (Everyone 10+),2,1
18,Teenage Mutant Ninja Turtles: Shredder’s Revenge Anniversary Edition - PlayStation 5,$34.99,Limited Run Games,6561937,12/15/2023,PlayStation 5,E10+ (Everyone 10+),4.9,15
18,Enotria: The Last Song - PlayStation 5,$49.99,Fireshine Games,6589263,12/31/2025,N/A,RP (Rating Pending),N/A,N/A
18,Mineko's Night Market - PlayStation 5,$26.99,Maximum Games,6553339,10/27/2023,N/A,E (Everyone),N/A,N/A
18,Returnal Standard Edition - PlayStation 5,$69.99,PlayStation Studios,6430755,04/30/2021,N/A,T (Teen 13+),4.6,767
18,DRAGON BALL XENOVERSE 2 - PlayStation 5,$19.99,BANDAI NAMCO Entertainment,6578457,05/24/2024,N/A,T (Teen 13+),5,4
18,A Tale of Paper: Refolded - PlayStation 5,$29.99,Selecta Play,6572527,05/03/2024,N/A,E (Everyone),3,2
18,New!Carmen Sandiego 40th Anniversary Edition - PlayStation 5,$49.99,Maximum Games,6615225,04/17/2025,PlayStation 5,RP (Rating Pending),N/A,N/A
18,Smile For Me Standard Edition - PlayStation 5,$34.99,Serenity Forge,6531041,11/21/2023,PlayStation 5,E10+ (Everyone 10+),N/A,N/A
18,Flying Aces: Legend of the Red Baron - PlayStation 5,$29.99,GS2 Games,6607930,Not Announced,N/A,T (Teen 13+),N/A,N/A
19,Avatar The Last Airbender: Quest for Balance - PlayStation 5,$29.99,GameMill Entertainment,6549702,09/22/2023,N/A,E10+ (Everyone 10+),3.9,26
19,Touhou Luna Nights - PlayStation 5,$39.99,Selecta Play,6590012,04/18/2025,N/A,E10+ (Everyone 10+),N/A,N/A
19,INDIKA - PlayStation 5,$29.99,Merge Games,6587539,09/13/2024,N/A,M (Mature 17+),4.4,7
19,Bye Sweet Carol - PlayStation 5,$39.99,Maximum Games,6607921,Not Announced,N/A,RP (Rating Pending),N/A,N/A
19,Outcast – A New Beginning - PlayStation 5,$69.99,THQ Nordic,6483861,03/15/2024,N/A,T (Teen 13+),3.4,5
19,Neon Blood - PlayStation 5,$34.99,PM Studios,6609410,03/31/2025,N/A,RP (Rating Pending),N/A,N/A
19,Slay the Princess - The Pristine Cut Collector's Edition - PlayStation 5,$199.99,Serenity Forge,6586779,05/30/2025,PlayStation 5,RP (Rating Pending),N/A,N/A
19,Two Point Museum Explorer Edition - PlayStation 5,$39.99,SEGA,6602636,03/04/2025,N/A,RP (Rating Pending),N/A,N/A
19,"Watch Dogs: Legion Gold Edition SteelBook - PlayStation 5, PlayStation 4",$87.99,Ubisoft,6350754,10/29/2020,PlayStation 5 / PlayStation 4,M (Mature 17+),4.3,39
19,Stories from Sol: The Gun-Dog - PlayStation 5,$34.99,PM Studios,6582298,02/28/2025,N/A,T (Teen 13+),N/A,N/A
19,R-Type Tactics I - II Cosmos Deluxe Edition - PlayStation 5,$49.99,Koei Tecmo,6528368,12/31/2025,PlayStation 5,RP (Rating Pending),N/A,N/A
19,Terminator: Survivors - PlayStation 5,$59.99,Maximum Games,6579203,Not Announced,N/A,RP (Rating Pending),N/A,N/A
19,War Hospital - PlayStation 5,$31.99,Maximum Games,6557685,02/08/2024,N/A,T (Teen 13+),N/A,N/A
19,Titan Quest II - PlayStation 5,$69.99,THQ Nordic,6563060,12/31/2025,N/A,RP (Rating Pending),N/A,N/A
19,Starship Troopers: Extermination - PlayStation 5,$34.99,Knights Peak,6586813,10/11/2024,N/A,T (Teen 13+),3.2,6
19,Ufouria: The Saga 2 Standard Edition - PlayStation 5,$39.99,Red Art Games,6576544,08/30/2024,PlayStation 5,E (Everyone),N/A,N/A
19,Demon Slayer -Kimetsu no Yaiba- Sweep the Board! - PlayStation 5,$59.99,SEGA,6585760,07/16/2024,N/A,T (Teen 13+),5,1
19,Read Only Memories: NEURODIVER - PlayStation 5,$44.99,Serenity Forge,6578996,02/14/2025,N/A,T (Teen 13+),N/A,N/A
19,PlateUp! Standard Edition - PlayStation 5,$39.99,PM Studios,6546378,03/26/2024,PlayStation 5,E (Everyone),5,1
19,Gori: Cuddly Carnage - PlayStation 5,$29.99,Wired Productions,6566158,10/29/2024,N/A,M (Mature 17+),5,5
20,Potion Permit Complete Edition - PlayStation 5,$24.99,PQube,6577927,06/11/2024,PlayStation 5,E (Everyone),N/A,N/A
20,Screamer - PlayStation 5,$69.99,PLAION,6612606,Not Announced,N/A,RP (Rating Pending),N/A,N/A
20,Arsene Lupin - Once a Thief - PlayStation 5,$39.99,Microids,6593163,10/29/2024,N/A,E10+ (Everyone 10+),N/A,N/A
20,Super Crazy Rhythm Castle - PlayStation 5,$19.99,Konami,6560686,11/14/2023,N/A,E10+ (Everyone 10+),4,1
20,Vernal Edge - PlayStation 5,$34.99,Red Art Games,6540365,12/15/2023,N/A,T (Teen 13+),4.5,2
20,Test Drive Unlimited: Solar Crown - PlayStation 5,$59.99,Maximum Games,6579200,09/12/2024,N/A,E10+ (Everyone 10+),3.8,6
20,The Lord of the Rings: Gollum - PlayStation 5,$39.99,Maximum Games,6511444,05/25/2023,N/A,T (Teen 13+),2.3,47
20,"SpongeBob SquarePants: Battle for Bikini Bottom - Rehydrated Shiny Edition - PlayStation 5, PlayStation 4",$89.99,THQ Nordic,6389305,06/23/2020,PlayStation 5 / PlayStation 4,E10+ (Everyone 10+),4.8,13
20,White Day 2: The Flower That Tells Lies Complete Edition - PlayStation 5,$39.99,PQube,6577928,08/16/2024,N/A,RP (Rating Pending),3,1
20,Revita - PlayStation 5,$34.99,Push Button Games,6555609,04/26/2024,N/A,E10+ (Everyone 10+),N/A,N/A
20,Clair Obscur: Expedition 33 - PlayStation 5,$49.99,Maximum Games,6604995,Not Announced,N/A,M (Mature 17+),N/A,N/A
20,Trine 5: A Clockwork Conspiracy - PlayStation 5,$29.99,THQ Nordic Games,6543734,08/31/2023,N/A,E10+ (Everyone 10+),5,3
20,TEVI - PlayStation 5,$39.99,PM Studios,6574077,05/28/2024,N/A,T (Teen 13+),N/A,N/A
20,Gundam Breaker 4 Launch Edition - PlayStation 5,$39.99,BANDAI NAMCO Entertainment,6577671,08/29/2024,PlayStation 5,T (Teen 13+),5,5
20,Dwerve - PlayStation 5,$34.99,PM Studios,6583406,03/14/2025,N/A,T (Teen 13+),N/A,N/A
20,Sonic Superstars - PlayStation 5,$19.99,SEGA,6509090,10/17/2023,N/A,E (Everyone),4.5,218
20,"Immortals Fenyx Rising Standard Edition - PlayStation 4, PlayStation 5",$29.99,Ubisoft,6355876,12/03/2020,PlayStation 4 / PlayStation 5,T (Teen 13+),4.6,268
20,Exophobia Standard Edition - PlayStation 5,$34.99,PM Studios,6480785,09/03/2024,PlayStation 5,T (Teen 13+),N/A,N/A
20,The Walking Dead: Saints & Sinners - Chapter 2: Retribution Payback Edition - PlayStation 5,$49.99,Maximum Games,6531978,11/16/2023,N/A,M (Mature 17+),4.8,4
20,KEMCO RPG Selection Vol. 1 - PlayStation 5,$39.99,Soft Source,6611624,02/27/2025,N/A,T (Teen 13+),N/A,N/A
21,Riders Republic Standard Edition - PlayStation 5,$29.99,Ubisoft,6431051,10/28/2021,PlayStation 5,T (Teen 13+),4.4,288
21,Arcade Game Zone - PlayStation 5,$29.99,Maximum Games,6563078,03/19/2024,N/A,E (Everyone),4.3,4
21,The Smurfs - Dreams - PlayStation 5,$49.99,Microids,6588210,10/24/2024,N/A,E (Everyone),5,2
21,Nickelodeon All Star Brawl 2 Standard Edition - PlayStation 5,$21.99,GameMill Entertainment,6553315,12/01/2023,PlayStation 5,E10+ (Everyone 10+),4.8,44
21,Jagged Alliance 3 - PlayStation 5,$45.99,THQ Nordic,6560817,11/16/2023,N/A,M (Mature 17+),4.5,2
21,SpongeBob SquarePants - A Patrick Star Game Standard Edition - PlayStation 5,$35.99,Outright Games,6599140,10/04/2024,PlayStation 5,E (Everyone),3.7,3
21,Coffee Talk Episode 2: Hibiscus & Butterfly Collector's Edition - PlayStation 5,$74.99,Serenity Forge,6532367,10/24/2023,N/A,T (Teen 13+),N/A,N/A
21,Naheulbeuk Dungeon Master - PlayStation 5,$39.99,THQ Nordic Games,6600374,11/08/2024,N/A,T (Teen 13+),N/A,N/A
21,New!Five Nights at Freddy's: Into the Pit - PlayStation 5,$29.99,Iam8bit,6615189,06/20/2025,N/A,RP (Rating Pending),N/A,N/A
21,Neptunia Game Maker R:Evolution - PlayStation 5,$49.99,Idea Factory,6551758,05/14/2024,N/A,T (Teen 13+),5,1
21,Diesel Legacy: The Brazen Age - PlayStation 5,$29.99,Maximum Games,6550462,12/03/2024,N/A,T (Teen 13+),N/A,N/A
21,Sword Art Online - PlayStation 5,$29.99,Namco,6539661,10/06/2023,N/A,T (Teen 13+),4.2,6
21,Paradise Killer Collector's Edition - PlayStation 5,$89.99,PM Studios,6535793,01/30/2024,PlayStation 5,M (Mature 17+),3,2
21,Pneumata - PlayStation 5,$39.99,Perp Games,6559714,10/04/2024,N/A,M (Mature 17+),4,2
21,Deep Rock Galactic Special Edition - PlayStation 5,$39.99,Skybound,6559689,11/17/2023,N/A,T (Teen 13+),5,2
21,Pixelshire - PlayStation 5,$29.99,Merge Games,6579189,Not Announced,N/A,RP (Rating Pending),N/A,N/A
21,Atlas Fallen - PlayStation 5,$59.99,Maximum Games,6531036,08/10/2023,N/A,T (Teen 13+),3.8,25
21,Teenage Mutant Ninja Turtles: Mutants Unleashed - PlayStation 5,$39.99,Outright Games,6579022,10/18/2024,N/A,E10+ (Everyone 10+),4.3,9
21,Phantom Breaker: Battle Grounds Ultimate Standard Edition - PlayStation 5,$39.99,Rocket Panda Games,6588250,04/17/2025,PlayStation 5,RP (Rating Pending),N/A,N/A
21,Blazing Strike Standard Edition - PlayStation 5,$34.99,Aksys Games,6505752,10/17/2024,PlayStation 5,T (Teen 13+),N/A,N/A
22,Miraculous: Paris Under Siege - PlayStation 5,$44.99,GameMill Entertainment,6596710,10/25/2024,N/A,E10+ (Everyone 10+),N/A,N/A
22,Dungeon Drafters - PlayStation 5,$39.99,Red Art Games,6610266,06/30/2025,N/A,RP (Rating Pending),N/A,N/A
22,WINTER GAMES CHALLENGE - PlayStation 5,$24.99,GS2 Games,6611579,01/28/2025,N/A,E (Everyone),N/A,N/A
22,Way of the Hunter: Wild Expeditions - PlayStation 5,$29.99,THQ Nordic,6595222,10/29/2024,N/A,T (Teen 13+),N/A,N/A
22,Little League World Series - PlayStation 5,$19.99,GameMill Entertainment,6510336,08/17/2022,N/A,E (Everyone),3.8,12
22,Soul Hackers 2 Launch Edition - PlayStation 5,$59.99,SEGA,6509801,08/26/2022,PlayStation 5,M (Mature 17+),4.5,135
22,Lords of the Fallen Standard Edition - PlayStation 5,$35.99,CI Games,6543760,10/13/2023,PlayStation 5,M (Mature 17+),4.3,117
22,Flint: Treasure of Oblivion - PlayStation 5,$49.99,Microids,6593150,11/14/2024,N/A,M (Mature 17+),N/A,N/A
22,The Smurfs 2: Prisoner of the Green Stone - PlayStation 5,$39.99,Microids,6547053,12/01/2023,N/A,E10+ (Everyone 10+),1,1
22,Projekt Z: Beyond Order - PlayStation 5,$39.99,Maximum Games,6587402,Not Announced,N/A,RP (Rating Pending),N/A,N/A
22,Games Advent Calendar 2024 - PlayStation 5,$17.49,Mindscape,6594272,10/04/2024,N/A,E (Everyone),1,1
22,No Place Like Home - PlayStation 5,$34.99,Maximum Games,6547028,09/01/2023,N/A,E10+ (Everyone 10+),N/A,N/A
22,Ghostwire Tokyo Standard Edition - PlayStation 5,$30.99,Bethesda,6495098,03/25/2022,N/A,T (Teen 13+),4.5,284
22,Deathloop Standard Edition - PlayStation 5,$24.99,Bethesda,6441960,09/14/2021,PlayStation 5,M (Mature 17+),4.5,891
22,Touhou Luna Nights: 5-Year Anniversary L Limited Edition - PlayStation 5,$89.99,Selecta Play,6590014,04/18/2025,PlayStation 5,E10+ (Everyone 10+),N/A,N/A
22,Suicide Squad: Kill the Justice League Deluxe Edition - PlayStation 5,$99.99,Warner Bros. Games,6567926,01/30/2024,PlayStation 5,M (Mature 17+),4,113
22,Dead Island 2 HELL-A Edition - PlayStation 5,$99.99,PLAION,6517773,04/21/2023,N/A,M (Mature 17+),4.8,192
22,System Shock - PlayStation 5,$29.99,PLAION,6579010,05/21/2024,N/A,M (Mature 17+),4.6,13
22,"Assassin’s Creed Valhalla Ragnarok Edition - PlayStation 5, PlayStation 4",$39.99,Ubisoft,6492515,03/10/2022,N/A,M (Mature 17+),4.6,107
22,The Nioh Collection - PlayStation 5,$69.99,PlayStation Studios,6442989,02/05/2021,N/A,M (Mature 17+),4.8,205
23,Warhammer Age of Sigmar: Realms of Ruin - PlayStation 5,$47.99,Fireshine Games,6568502,02/27/2024,N/A,T (Teen 13+),N/A,N/A
23,The Legend of Heroes: Trails of Cold Steel III / The Legend of Heroes: Trails of Cold Steel IV Deluxe Edition - PlayStation 5,$69.99,Koei Tecmo,6563052,02/16/2024,N/A,T (Teen 13+),4.2,6
23,Funko Fusion - PlayStation 5,$59.99,Skybound,6583390,09/13/2024,N/A,T (Teen 13+),3.5,14
23,Romancing SaGa 2: Revenge of the Seven - PlayStation 5,$49.99,Square Enix,6587706,10/24/2024,N/A,T (Teen 13+),4.5,2
23,Farmagia Day 1 Edition - PlayStation 5,$59.99,XSEED Games,6587831,11/01/2024,PlayStation 5,T (Teen 13+),N/A,N/A
23,Garden Life - PlayStation 5,$39.99,Maximum Games,6568510,03/14/2024,N/A,E (Everyone),N/A,N/A
23,"Inescapable: No Rules, No Rescue - PlayStation 5",$49.99,Aksys Games,6524981,10/19/2023,N/A,M (Mature 17+),N/A,N/A
23,Flintlock: The Siege of Dawn Deluxe Edition - PlayStation 5,$47.99,Maximum Games,6567959,07/18/2024,PlayStation 5,M (Mature 17+),4.8,4
23,The Crew Motorfest Standard Edition - PlayStation 5,$19.99,Ubisoft,6548067,09/14/2023,PlayStation 5,T (Teen 13+),4.7,187
23,Final Fantasy VII REMAKE Intergrade - PlayStation 5,$69.99,Square Enix,6454989,06/10/2021,N/A,T (Teen 13+),4.8,238
23,Elden Ring Standard Edition - PlayStation 5,$46.99,BANDAI NAMCO Entertainment,6468170,02/25/2022,PlayStation 5,M (Mature 17+),4.8,1663
23,Undisputed - PlayStation 5,$59.99,PLAION,6584646,10/11/2024,N/A,T (Teen 13+),4.2,59
23,Skautfold: Usurper - PlayStation 5,$24.99,Red Art Games,6546600,01/12/2024,N/A,T (Teen 13+),N/A,N/A
23,COCOON - PlayStation 5,$29.99,Iam8bit,6585726,09/24/2024,N/A,E (Everyone),5,1
23,MONOPOLY 2024 Edition - PlayStation 5,$29.99,Ubisoft,6588380,09/26/2024,PlayStation 5,E (Everyone),N/A,N/A
23,A Quiet Place: The Road Ahead - PlayStation 5,$29.99,Saber Interactive,6593718,10/17/2024,N/A,M (Mature 17+),4.6,16
23,Planet Zoo Console Edition - PlayStation 5,$49.99,Fireshine Games,6588213,09/24/2024,PlayStation 5,E10+ (Everyone 10+),N/A,N/A
23,Metaphor: ReFantazio Collector's Edition - PlayStation 5,$149.99,SEGA,6583419,10/11/2024,PlayStation 5,T (Teen 13+),4.4,17
23,Sonic Frontiers - PlayStation 5,$19.99,Sega,6517771,11/08/2022,N/A,E10+ (Everyone 10+),4.6,619
23,Richman 11 - PlayStation 5,$23.99,GS2 Games,6581615,06/25/2024,N/A,E (Everyone),N/A,N/A
24,Shin Megami Tensei V: Vengeance Steelbook Launch Edition - PlayStation 5,$44.99,SEGA,6578471,06/14/2024,PlayStation 5,M (Mature 17+),4.8,39
24,Marvel's Spider-Man 2 Launch Edition - PlayStation 5,$69.99,PlayStation,6548298,10/20/2023,N/A,T (Teen 13+),4.9,2598
24,Slave Zero X Calamity Edition - PlayStation 5,$39.99,Ziggurat Interactive,6569407,05/17/2024,PlayStation 5,M (Mature 17+),5,2
24,Truck & Logistics Simulator - PlayStation 5,$29.99,THQ Nordic Games,6607910,01/14/2025,N/A,E (Everyone),N/A,N/A
24,Greyhill Incident Abducted Edition - PlayStation 5,$19.99,Perpetual Games,6547003,07/11/2023,N/A,M (Mature 17+),4.3,20
24,Formula Retro Racing: World Tour Special Edition - PlayStation 5,$39.99,Numskull,6553343,12/12/2023,PlayStation 5,E (Everyone),N/A,N/A
24,Sand Land Standard Edition - PlayStation 5,$39.99,BANDAI NAMCO Entertainment,6547996,04/26/2024,PlayStation 5,T (Teen 13+),4.6,18
24,NBA 2K24 Kobe Bryant Edition - PlayStation 5,$19.99,2K,6550657,09/08/2023,PlayStation 5,E (Everyone),4.7,995
24,Ride 5 - PlayStation 5,$29.99,PLAION,6542682,08/24/2023,N/A,E (Everyone),4,6
24,Hubris - PlayStation 5,$19.99,Perp Games,6579023,06/11/2024,N/A,RP (Rating Pending),4.8,4
24,Disney Epic Mickey: Rebrushed Collector's Edition - PlayStation 5,$199.99,THQ Nordic,6588257,09/24/2024,PlayStation 5,E10+ (Everyone 10+),N/A,N/A
24,Daymare: 1994 - Sandcastle Standard Edition - PlayStation 5,$29.99,GS2 Games,6521002,08/30/2023,PlayStation 5,M (Mature 17+),4.2,9
24,Wildermyth - PlayStation 5,$29.99,Nighthawk Interactive,6594269,11/08/2024,N/A,T (Teen 13+),N/A,N/A
24,Broadsword Warlord Edition - PlayStation 5,$23.99,GS2 Games,6569420,05/07/2024,PlayStation 5,E10+ (Everyone 10+),N/A,N/A
24,Tintin Reporter: Cigars of the Pharaoh - PlayStation 5,$49.99,Microids,6539676,01/16/2024,N/A,T (Teen 13+),3.7,3
24,Captain Toonhead vs The Punks From Outer Space - PlayStation 5,$34.99,PM Studios,6580581,07/02/2024,N/A,T (Teen 13+),N/A,N/A
24,Armored Core VI Fires of Rubicon - PlayStation 5,$39.99,Bandai Namco,6537271,08/25/2023,N/A,T (Teen 13+),4.8,297
24,Classified: France '44 - PlayStation 5,$14.99,Fireshine Games,6574083,03/05/2024,N/A,M (Mature 17+),5,2
24,Still Wakes the Deep - PlayStation 5,$34.99,Secret Mode,6583745,06/18/2024,N/A,M (Mature 17+),3.3,18
24,EVERSPACE 2 Stellar Edition - PlayStation 5,$59.99,Maximum Games,6539667,10/03/2023,PlayStation 5,T (Teen 13+),5,1
25,Daymare: 1994 - Sandcastle Collector's Edition - PlayStation 5,$49.99,GS2 Games,6523171,09/26/2023,N/A,M (Mature 17+),3.7,6
25,War Mongrels - PlayStation 5,$29.99,GS2 Games,6561942,10/31/2023,N/A,RP (Rating Pending),N/A,N/A
25,Rollercoater Tycoon Adventures Deluxe Edition - PlayStation 5,$29.99,Atari,6550397,11/03/2023,PlayStation 5,E (Everyone),3.4,7
25,Final Fantasy VII Rebirth Deluxe Edition - PlayStation 5,$99.99,Square Enix,6561924,02/29/2024,N/A,T (Teen 13+),4.3,658
25,Aliens: Dark Descent - PlayStation 5,$29.99,Maximum Games,6540353,06/20/2023,N/A,M (Mature 17+),4.4,30
25,Jumanji: Wild Adventures - PlayStation 5,$19.99,Outright Games,6559721,11/03/2023,N/A,E10+ (Everyone 10+),5,2
25,The Thaumaturge - PlayStation 5,$39.99,Maximum Games,6593142,12/19/2024,N/A,M (Mature 17+),N/A,N/A
25,My Little Pony: A Zephyr Heights Mystery - PlayStation 5,$19.99,Outright Games,6579024,05/17/2024,N/A,E (Everyone),N/A,N/A
25,DOG MAN: Misson Impawsible - PlayStation 5,$39.99,Mindscape,6601579,12/06/2024,N/A,E (Everyone),N/A,N/A
25,FAIRY TAIL 2 - PlayStation 5,$59.99,Koei Tecmo,6600378,12/13/2024,N/A,T (Teen 13+),N/A,N/A
25,Shadows Of Doubt - PlayStation 5,$29.99,Fireshine Games,6590015,11/12/2024,N/A,T (Teen 13+),N/A,N/A
25,MX vs ATV Legends 2024 Monster Energy Supercross Edition - PlayStation 5,$29.99,THQ Nordic,6577910,04/23/2024,PlayStation 5,E (Everyone),5,1
25,SunnySide - PlayStation 5,$39.99,Merge Games,6579187,08/16/2024,N/A,T (Teen 13+),N/A,N/A
25,TRANSFORMERS: EARTHSPARK - Expedition - PlayStation 5,$19.99,Outright Games,6568501,12/12/2023,N/A,E10+ (Everyone 10+),N/A,N/A
25,Lords of the Fallen Deluxe Edition - PlayStation 5,$39.99,CI Games,6544141,10/13/2023,PlayStation 5,M (Mature 17+),4.4,88
25,Persona 5 Royal Steelbook Launch Edition - PlayStation 5,$59.99,Sega,6521238,10/21/2022,N/A,M (Mature 17+),4.9,78
25,Endzone - A World Apart Complete Edition - PlayStation 5,$29.99,Red Art Games,6543753,08/18/2023,N/A,T (Teen 13+),1,1
25,The Invincible - PlayStation 5,$27.99,Maximum Games,6557697,11/07/2023,N/A,M (Mature 17+),5,3
25,Lunar Lander Beyond Standard Edition - PlayStation 5,$19.99,Atari,6574270,04/26/2024,PlayStation 5,E10+ (Everyone 10+),N/A,N/A
25,Pool Party - PlayStation 5,$15.49,Mindscape,6579027,06/25/2024,N/A,E (Everyone),N/A,N/A
26,Granblue Fantasy: Relink Deluxe Edition - PlayStation 5,$69.99,XSEED Games,6560707,02/01/2024,N/A,T (Teen 13+),4.9,24
26,Monochrome Mobius: Rights and Wrongs Forgotten Deluxe Edition - PlayStation 5,$39.99,Koei Tecmo,6543787,09/05/2023,PlayStation 5,T (Teen 13+),5,5
26,Hell Let Loose Deluxe Edition - PlayStation 5,$39.99,Fireshine Games,6604331,11/12/2024,PlayStation 5,M (Mature 17+),3,2
26,Predator: Hunting Grounds - PlayStation 5,$39.99,Skybound,6604357,12/06/2024,N/A,M (Mature 17+),N/A,N/A
26,Tales from Toyotoki: Arrival of the Witch - PlayStation 5,$19.99,Aksys Games,6583393,08/22/2024,N/A,T (Teen 13+),N/A,N/A
26,Final Fantasy XVI Deluxe Edition - PlayStation 5,$79.99,Square Enix,6528681,06/22/2023,N/A,M (Mature 17+),4.6,988
26,Raging Bytes - PlayStation 5,$29.99,Aksys Games,6590002,12/12/2024,N/A,T (Teen 13+),N/A,N/A
26,Construction Simulator Gold Edition - PlayStation 5,$49.99,Astragon Entertainment,6577906,04/23/2024,N/A,E (Everyone),5,1
26,Cyberpunk 2077 Ultimate Edition - PlayStation 5,$59.99,CD Projekt Red,6567719,12/05/2023,PlayStation 5,M (Mature 17+),4.6,98
26,Valkyrie Elysium - PlayStation 5,$19.99,Square Enix,6512653,09/29/2022,N/A,T (Teen 13+),4.4,242
26,41 Hours - PlayStation 5,$29.99,GS2 Games,6550430,07/25/2023,N/A,T (Teen 13+),5,1
26,Windstorm: Start of a Great Friendship Remastered - PlayStation 5,$24.99,Mindscape,6593722,10/04/2024,N/A,E (Everyone),N/A,N/A
26,Fortnite - Transformers Pack - PlayStation 5,$19.99,Epic Games,6550433,10/13/2023,N/A,T (Teen 13+),4.7,68
26,Paradise Killer Standard Edition - PlayStation 5,$39.99,PM Studios,6535791,01/30/2024,PlayStation 5,M (Mature 17+),N/A,N/A
26,The Last Faith The Nycrux Edition - PlayStation 5,$49.99,Playstack,6579038,09/13/2024,PlayStation 5,T (Teen 13+),5,2
26,Double Dragon Gaiden: Rise of the Dragons - PlayStation 5,$21.99,Maximum Games,6544896,07/27/2023,N/A,E10+ (Everyone 10+),4.5,15
26,Worms Armageddon Anniversary Collector's Edition - PlayStation 5,$49.99,Astragon Entertainment,6600446,12/17/2024,PlayStation 5,T (Teen 13+),N/A,N/A
26,Call of Duty: Modern Warfare III Standard Edition - PlayStation 5,$69.99,Activision Blizzard,6558585,11/10/2023,N/A,M (Mature 17+),4.5,891
26,Front Mission 1st Remake Limited Edition - PlayStation 5,$39.99,THQ Nordic,6563080,03/22/2024,PlayStation 5,T (Teen 13+),N/A,N/A
26,A Space for the Unbound Standard Edition - PlayStation 5,$44.99,Serenity Forge,6553360,04/02/2024,PlayStation 5,T (Teen 13+),N/A,N/A
27,PlateUp! Collector's Edition - PlayStation 5,$39.99,PM Studios,6546381,03/26/2024,PlayStation 5,E (Everyone),N/A,N/A
27,My Life: Pet Vet - PlayStation 5,$29.99,Mindscape,6574092,06/21/2024,N/A,E (Everyone),5,1
27,Slave Zero X - PlayStation 5,$19.99,Ziggurat Interactive,6569404,05/17/2024,N/A,M (Mature 17+),4,1
27,Morbid: The Lords Of Ire Standard Edition - PlayStation 5,$34.99,Maximum Games,6576540,05/17/2024,PlayStation 5,M (Mature 17+),5,3
27,House Flipper 2 - PlayStation 5,$41.99,Merge Games,6570227,05/03/2024,N/A,E (Everyone),5,1
27,Whisker Waters - PlayStation 5,$34.99,Maximum Games,6568506,04/26/2024,N/A,E (Everyone),N/A,N/A
27,Squirrel With A Gun - PlayStation 5,$29.99,Maximum Games,6582535,10/15/2024,N/A,T (Teen 13+),4.2,6
27,LEGO 2K Drive Standard Edition - PlayStation 5,$19.99,2K,6571525,N/A,PlayStation 5,E10+ (Everyone 10+),N/A,N/A
27,Police Simulator Gold Edition - PlayStation 5,$39.99,Astragon Entertainment,6580575,06/18/2024,PlayStation 5,T (Teen 13+),4,4
27,Blazing Strike Limited Edition - PlayStation 5,$59.99,Aksys Games,6505782,10/17/2024,PlayStation 5,T (Teen 13+),5,1
27,Seed of Life - PlayStation 5,$35.99,GS2 Games,6521001,05/28/2024,N/A,E (Everyone),3.5,2
27,CRYMACHINA Deluxe Edition - PlayStation 5,$27.99,Koei Tecmo,6544831,10/24/2023,PlayStation 5,T (Teen 13+),4.5,4
27,Master Detective Archives: RAIN CODE Plus - PlayStation 5,$59.99,Spike Chunsoft,6584158,10/01/2024,N/A,M (Mature 17+),5,2
27,Mercenaries Lament: Requiem of the Silver Wolf - PlayStation 5,$34.99,PM Studios,6580586,07/30/2024,N/A,E10+ (Everyone 10+),N/A,N/A
27,Vertigo 2 - PlayStation 5,$34.99,Perp Games,6579019,05/21/2024,N/A,RP (Rating Pending),5,1
27,Hyper-5 - PlayStation 5,$34.99,VGNYsoft,6579032,06/26/2024,N/A,E10+ (Everyone 10+),1,1
27,Adam Wolfe - PlayStation 5,$29.99,GS2 Games,6569431,05/28/2024,N/A,T (Teen 13+),N/A,N/A
27,ArcRunner - PlayStation 5,$23.99,PQube,6553374,04/18/2024,N/A,RP (Rating Pending),5,1
27,MX vs ATV Legends Season Two - PlayStation 5,$29.99,THQ Nordic,6595219,10/22/2024,N/A,E (Everyone),3,2
27,Shadows Over Loathing Standard Edition - PlayStation 5,$44.99,Push Button Games,6544160,03/05/2024,PlayStation 5,T (Teen 13+),N/A,N/A
28,Like a Dragon: Infinite Wealth - PlayStation 5,$24.99,SEGA,6562591,01/26/2024,N/A,M (Mature 17+),4.9,156
28,The Quarry Standard Edition - PlayStation 5,$17.99,2K,6502518,06/10/2022,PlayStation 5,M (Mature 17+),4.6,350
28,BANISHERS: Ghosts of New Eden - PlayStation 5,$59.99,Maximum Games,6549228,02/13/2024,N/A,T (Teen 13+),4.8,20
28,Lies of P - PlayStation 5,$59.99,Fireshine Games,6538675,09/19/2023,N/A,M (Mature 17+),4.8,182
28,Catan Super Deluxe Edition - PlayStation 5,$26.99,Maximum Games,6562600,03/05/2024,PlayStation 5,E (Everyone),N/A,N/A
28,"Warhammer 40,000: Space Marine 2 Gold Edition - PlayStation 5",$99.99,PLAION,6576885,09/05/2024,PlayStation 5,M (Mature 17+),3.5,12
28,Smalland: Survive the Wilds - PlayStation 5,$35.99,Merge Games,6562601,02/15/2024,N/A,T (Teen 13+),4,1
28,Welcome to ParadiZe - PlayStation 5,$35.99,Maximum Games,6568518,02/29/2024,N/A,M (Mature 17+),4.8,4
28,As Dusk Falls Premium Physical Edition - PlayStation 5,$44.99,Serenity Forge,6570198,06/04/2024,N/A,M (Mature 17+),4,1
28,Disgaea 7: Vows of the Virtueless Deluxe Edition - PlayStation 5,$27.99,Koei Tecmo,6536646,10/03/2023,PlayStation 5,T (Teen 13+),5,10
28,Ed-0: Zombie Uprising - PlayStation 5,$24.99,Aksys Games,6589998,10/10/2024,N/A,M (Mature 17+),N/A,N/A
28,Cat Rescue Story - PlayStation 5,$39.99,Maximum Games,6583763,09/26/2024,N/A,E (Everyone),5,1
28,Inspector Gadget: Mad Time Party - PlayStation 5,$39.99,Maximum Games,6546610,10/17/2023,N/A,E (Everyone),3,4
28,CONSCRIPT Deluxe Edition - PlayStation 5,$29.99,Astragon Entertainment,6586183,10/08/2024,PlayStation 5,M (Mature 17+),5,1
28,Contraptions Collection - PlayStation 5,$23.99,GS2 Games,6569418,03/26/2024,N/A,E (Everyone),1,1
28,Dragon Ball: Sparking! ZERO Ultimate Edition - PlayStation 5,$109.99,BANDAI NAMCO Entertainment,6586781,10/08/2024,PlayStation 5,T (Teen 13+),3.6,119
28,Bramble - The Mountain King - PlayStation 5,$34.99,Merge Games,6531991,04/28/2023,N/A,M (Mature 17+),4.9,27
28,Train Sim World 4 - PlayStation 5,$49.99,Maximum Games,6562589,03/12/2024,N/A,E (Everyone),4,1
28,Ravenswatch Legendary Edition - PlayStation 5,$39.99,Maximum Games,6593137,12/05/2024,PlayStation 5,T (Teen 13+),N/A,N/A
28,Poppy Playtime Triple Pack - PlayStation 5,$29.99,Maximum Games,6597132,10/31/2024,N/A,T (Teen 13+),5,5
29,HappyFunland Souvenir Edition - PlayStation 5,$17.49,Perp Games,6553434,04/30/2024,N/A,M (Mature 17+),5,6
29,Taxi Life - PlayStation 5,$39.99,Maximum Games,6567953,03/07/2024,N/A,E (Everyone),N/A,N/A
29,DREDGE Complete Collector's Edition - PlayStation 5,$99.99,Astragon Entertainment,6586770,12/17/2024,PlayStation 5,E10+ (Everyone 10+),5,1
29,Ultros Deluxe Edition - PlayStation 5,$35.99,Maximum Games,6568514,02/13/2024,N/A,T (Teen 13+),4.7,11
29,Paleo Pines: The Dino Valley - PlayStation 5,$29.99,Maximum Games,6543757,09/26/2023,N/A,E (Everyone),4,1
29,The Grinch: Christmas Adventures - PlayStation 5,$9.99,Outright Games,6559719,10/13/2023,N/A,E (Everyone),5,3
29,CrossFire Sierra Squad - PlayStation 5,$34.99,Perp Games,6579028,06/11/2024,N/A,RP (Rating Pending),N/A,N/A
29,Archetype Arcadia - PlayStation 5,$19.99,PQube,6553373,10/24/2023,N/A,M (Mature 17+),N/A,N/A
29,The Stanley Parable: Ultra Deluxe - PlayStation 5,$29.99,Iam8bit,6580157,10/15/2024,N/A,T (Teen 13+),4.7,3
29,Monster Jam Showdown - PlayStation 5,$35.99,PLAION,6579002,08/29/2024,N/A,E (Everyone),4.8,4
29,Elden Ring Shadow of the Erdtree Edition - PlayStation 5,$79.99,BANDAI NAMCO Entertainment,6577661,06/21/2024,PlayStation 5,M (Mature 17+),4.8,24
