Page,Name,Price,Publisher,SKU,Release Date,Platform,ESRB Rating,Star Rating,Reviews,Feedback Category,Price Category
2,Dragon Age: The Veilguard Deluxe,89.99,Electronic Arts,6595736,10/31/2024,,M (Mature 17+),4.2,28,Low Feedback,High Price
2,TMNT Arcade: Wrath of the Mutants,29.99,GameMill Entertainment,6577899,04/23/2024,,E10+ (Everyone 10+),4.3,19,Low Feedback,Moderate Price
2,LEGO Star Wars: The Skywalker Saga Standard Edition,29.99,WB Games,6428346,04/05/2022,PlayStation 5,E10+ (Everyone 10+),4.8,375,Moderate Feedback,Moderate Price
2,NBA 2K25 Standard Edition,29.99,2K,6589464,09/04/2024,PlayStation 5,E (Everyone),4.7,202,Moderate Feedback,Moderate Price
2,Five Nights at Freddy's: Help Wanted 2,39.99,Maximum Games,6577573,06/20/2024,,T (Teen 13+),4.5,8,Low Feedback,Moderate Price
2,Unicorn Overlord,29.99,SEGA,6561944,03/08/2024,,T (Teen 13+),4.9,69,Low Feedback,Moderate Price
2,Call of Duty: Modern Warfare III with C.O.D.E Bonus Standard Edition,69.99,Activision Blizzard,6594297,11/10/2023,,M (Mature 17+),5.0,5,Low Feedback,High Price
2,EA Sports WRC,49.99,Electronic Arts,6560370,11/03/2023,,E (Everyone),4.0,27,Low Feedback,Moderate Price
2,Resident Evil 2,29.99,Capcom,6605838,01/10/2025,,M (Mature 17+),5.0,3,Low Feedback,Moderate Price
2,WWE 2K24 Standard Edition,19.99,2K,6573907,03/08/2024,PlayStation 5,T (Teen 13+),4.8,145,Moderate Feedback,Low Price
2,EA Sports UFC 5,24.99,Electronic Arts,6560369,10/27/2023,,M (Mature 17+),4.6,181,Moderate Feedback,Moderate Price
2,Sackboy: A Big Adventure Standard,59.99,Sony Interactive Entertainment,6430149,11/12/2020,,E (Everyone),4.8,1349,High Feedback,Moderate Price
2,Tiny Tina's Wonderlands Next-Level Edition,19.99,2K,6479906,03/25/2022,PlayStation 5,T (Teen 13+),4.5,167,Moderate Feedback,Low Price
2,Tomb Raider I-III Remastered Starring Lara Croft Deluxe Edition,29.99,Aspyr Media,6584965,10/18/2024,PlayStation 5,T (Teen 13+),3.9,35,Low Feedback,Moderate Price
2,Mortal Kombat 1 Standard Edition,49.99,Warner Bros. Games,6546107,09/19/2023,PlayStation 5,M (Mature 17+),4.7,633,Moderate Feedback,Moderate Price
2,Dragon's Dogma 2,49.99,Capcom,6568821,03/22/2024,,M (Mature 17+),3.7,363,Moderate Feedback,Moderate Price
3,Avatar: Frontiers of Pandora Standard Edition,19.99,Ubisoft,6548130,12/07/2023,PlayStation 5,T (Teen 13+),4.5,473,Moderate Feedback,Low Price
3,Madden NFL 25 Standard Edition,34.99,Electronic Arts,6584224,08/16/2024,PlayStation 5,E (Everyone),4.6,385,Moderate Feedback,Moderate Price
3,Quake,34.99,Limited Run Games,6514363,11/29/2022,,M (Mature 17+),4.9,29,Low Feedback,Moderate Price
3,Anno 1800 (Console Edition) Standard Edition,29.99,Ubisoft,6532337,03/16/2023,PlayStation 5,T (Teen 13+),4.3,28,Low Feedback,Moderate Price
3,NHL 24 Standard Edition,19.99,Electronic Arts,6557068,10/06/2023,PlayStation 5,E10+ (Everyone 10+),4.4,158,Moderate Feedback,Low Price
3,Final Fantasy XVI Standard Edition,39.99,Square Enix,6528680,06/22/2023,,M (Mature 17+),4.6,1713,High Feedback,Moderate Price
3,Agatha Christie: The ABC Murders,19.99,Microids,6579007,07/19/2024,,T (Teen 13+),3.0,1,Low Feedback,Low Price
3,"Marvel's Spider-Man Game of the Year Edition,",31.99,Sony Interactive Entertainment,6363873,,,T (Teen 13+),4.9,3578,High Feedback,Moderate Price
3,Saints Row Standard Edition,19.99,Koch Media,6478101,08/23/2022,PlayStation 5,M (Mature 17+),3.8,212,Moderate Feedback,Low Price
3,Stray,39.99,Skybound,6514242,09/20/2022,,E10+ (Everyone 10+),4.7,309,Moderate Feedback,Moderate Price
3,Hogwarts Legacy Standard Edition,49.99,Warnr Bros. Games,6502569,02/10/2023,PlayStation 5,T (Teen 13+),4.8,1755,High Feedback,Moderate Price
3,SOUTH PARK: SNOW DAY!,29.99,THQ Nordic,6561879,03/26/2024,,M (Mature 17+),4.2,47,Low Feedback,Moderate Price
3,Sonic Origins Plus,19.99,SEGA,6539794,06/23/2023,,E (Everyone),4.6,117,Moderate Feedback,Low Price
3,Balatro Special Edition,24.99,Fireshine Games,6587511,10/15/2024,PlayStation 5,E10+ (Everyone 10+),4.7,19,Low Feedback,Moderate Price
3,HELLDIVERS 2,39.99,PlayStation,6562187,02/08/2024,,M (Mature 17+),4.7,566,Moderate Feedback,Moderate Price
3,Astro Bot,59.99,Sony Interactive Entertainment,6586163,09/06/2024,,E10+ (Everyone 10+),4.9,473,Moderate Feedback,Moderate Price
4,The Legend of Legacy HD Remastered,49.99,Koei Tecmo,6563075,03/22/2024,,E10+ (Everyone 10+),5.0,1,Low Feedback,Moderate Price
4,Minecraft,29.99,Xbox Game Studios,6601903,10/22/2024,,E10+ (Everyone 10+),4.8,11,Low Feedback,Moderate Price
4,Star Wars Jedi: Survivor Standard Edition,69.99,Electronic Arts,6528657,04/28/2023,PlayStation 5,T (Teen 13+),4.7,1771,High Feedback,High Price
4,The Texas Chain Saw Massacre,21.99,Gun Interactive,6547993,08/18/2023,,M (Mature 17+),4.6,141,Moderate Feedback,Moderate Price
4,Black Myth: Wukong,64.99,PM Studios,6604912,12/12/2024,,T (Teen 13+),4.8,84,Low Feedback,High Price
4,EA  SPORTS NHL 25,39.99,Electronic Arts,6595738,10/04/2024,,E10+ (Everyone 10+),4.7,39,Low Feedback,Moderate Price
4,Star Ocean The Divine Force,39.99,Square Enix,6512351,10/27/2022,,T (Teen 13+),4.7,92,Low Feedback,Moderate Price
4,Persona 3 Reload Launch Edition,24.99,SEGA,6559692,02/02/2024,PlayStation 5,M (Mature 17+),4.9,167,Moderate Feedback,Moderate Price
4,F1 24 Standard Edition,39.99,Electronic Arts,6577861,05/31/2024,PlayStation 5,E (Everyone),4.3,16,Low Feedback,Moderate Price
4,Gran Turismo 7,69.99,Sony PlayStation,6501071,03/04/2022,,E (Everyone),4.7,1467,High Feedback,High Price
4,Death Stranding Director’s Cut,49.99,Sony PlayStation,6471392,09/24/2021,,M (Mature 17+),4.6,405,Moderate Feedback,Moderate Price
4,BlackSad: Under the Skin,17.49,Microids,6578998,07/12/2024,,M (Mature 17+),5.0,1,Low Feedback,Low Price
4,Dragon Age: The Veilguard,69.99,Electronic Arts,6595728,10/31/2024,,M (Mature 17+),4.0,89,Low Feedback,High Price
4,The Last of Us Part I,69.99,PlayStation,6510195,09/02/2022,,M (Mature 17+),4.8,1141,High Feedback,High Price
4,Crisis Core-Final Fantasy VII-Reunion Standard Edition,29.99,Square Enix,6511942,12/13/2022,PlayStation 5,T (Teen 13+),4.7,661,Moderate Feedback,Moderate Price
5,"DOOM Eternal Standard Edition,",27.99,Bethesda,6255267,03/20/2020,PlayStation 5 / PlayStation 4,M (Mature 17+),4.7,1097,High Feedback,Moderate Price
5,"LEGO Marvel Collection Standard Edition,",19.99,WB Games,6332930,03/12/2019,,E10+ (Everyone 10+),4.8,441,Moderate Feedback,Low Price
5,Stellar Blade,69.99,Sony Interactive Entertainment,6576381,04/26/2024,,M (Mature 17+),4.9,374,Moderate Feedback,High Price
5,Dead Rising Deluxe Remaster,39.99,Capcom,6589111,11/08/2024,,M (Mature 17+),5.0,9,Low Feedback,Moderate Price
5,"Grand Theft Auto V Premium Edition,",18.49,Rockstar Games,6259297,06/05/2018,PlayStation 5 / PlayStation 4,M (Mature 17+),4.8,2545,High Feedback,Low Price
5,MLB The Show 24,29.99,Sony Interactive Entertainment,6574098,03/19/2024,,E (Everyone),4.8,234,Moderate Feedback,Moderate Price
5,THE LAST OF US PART II REMASTERED,49.99,Sony Interactive Entertainment,6568839,01/19/2024,,M (Mature 17+),4.8,225,Moderate Feedback,Moderate Price
5,Ghost of Tsushima Director's Cut,69.99,Sony,6470670,08/20/2021,,M (Mature 17+),4.9,1308,High Feedback,High Price
5,Ys Memoire: The Oath in Felghana Refined Edition,59.99,XSEED Games,6589079,01/07/2025,PlayStation 5,T (Teen 13+),4.7,3,Low Feedback,Moderate Price
5,LEGO Horizon Adventures,59.99,Sony Interactive Entertainment,6602880,11/14/2024,,E10+ (Everyone 10+),4.1,18,Low Feedback,Moderate Price
5,Battlefield 2042 Standard Edition,19.99,Electronic Arts,6465742,11/19/2021,PlayStation 5,M (Mature 17+),3.7,711,Moderate Feedback,Low Price
6,Silent Hill 2,69.99,Konami,6567007,10/08/2024,,M (Mature 17+),4.8,261,Moderate Feedback,High Price
6,Horizon Forbidden West Complete Edition,59.99,PlayStation,6561783,10/06/2023,,T (Teen 13+),4.7,100,Moderate Feedback,Moderate Price
6,Horizon Zero Dawn Remastered,49.99,Sony Interactive Entertainment,6602881,10/31/2024,,T (Teen 13+),4.9,13,Low Feedback,Moderate Price
6,Until Dawn – PS5,59.99,Sony Interactive Entertainment,6596927,10/04/2024,,M (Mature 17+),4.5,20,Low Feedback,Moderate Price
6,Far Cry 6 Standard Edition,19.99,Ubisoft,6426006,10/07/2021,PlayStation 5,M (Mature 17+),4.5,1103,High Feedback,Low Price
6,Immortals of Aveum Standard Edition,19.99,Electronic Arts,6541714,08/22/2023,PlayStation 5,M (Mature 17+),4.5,68,Low Feedback,Low Price
6,"The Last of Us Part II Standard Edition,",39.99,Sony,6255399,06/19/2020,,M (Mature 17+),4.7,5543,High Feedback,Moderate Price
6,Ratchet & Clank: Rift Apart Standard Edition,69.99,Sony PlayStation,6463683,06/11/2021,,E10+ (Everyone 10+),4.9,787,Moderate Feedback,High Price
6,Hitman World of Assassination,39.99,IO Interactive,6547357,08/25/2023,,M (Mature 17+),4.9,41,Low Feedback,Moderate Price
6,Marvel's Spider-Man: Miles Morales,49.99,Sony,6460083,11/12/2020,,T (Teen 13+),4.8,618,Moderate Feedback,Moderate Price
6,Prince of Persia: The Lost Crown Standard Edition,19.99,Ubisoft,6548071,01/18/2024,PlayStation 5,T (Teen 13+),4.7,142,Moderate Feedback,Low Price
6,Marvel's Spider-Man: Miles Morales Ultimate Edition,69.99,Sony Interactive Entertainment,6459585,02/09/2021,,T (Teen 13+),4.9,657,Moderate Feedback,High Price
6,UNCHARTED: Legacy of Thieves Collection,49.99,Sony Interactive Entertainment,6491840,01/28/2022,,T (Teen 13+),4.8,721,Moderate Feedback,Moderate Price
6,"EA Sports UFC 4,",19.99,Electronic Arts,6415350,08/14/2020,,T (Teen 13+),4.4,337,Moderate Feedback,Low Price
6,Final Fantasy VII Rebirth Standard Edition,69.99,Square Enix,6560114,02/29/2024,,T (Teen 13+),4.7,984,Moderate Feedback,High Price
6,Star Wars: Jedi Fallen Order Standard Edition,19.99,Electronic Arts,6465617,06/11/2021,,T (Teen 13+),4.7,588,Moderate Feedback,Low Price
7,Rise of the Ronin,69.99,Sony Interactive Entertainment,6569841,03/22/2024,,M (Mature 17+),4.3,180,Moderate Feedback,High Price
7,Madden NFL 24 Standard Edition,19.99,Electronic Arts,6547578,08/18/2023,PlayStation 5,E (Everyone),4.6,1523,High Feedback,Low Price
7,"Minecraft Starter Collection,",29.99,Sony Computer Entertainment,6390837,12/10/2019,,E10+ (Everyone 10+),4.8,493,Moderate Feedback,Moderate Price
7,Disney Epic Mickey Rebrushed,59.99,THQ Nordic Games,6577908,09/24/2024,,E10+ (Everyone 10+),4.8,35,Low Feedback,Moderate Price
7,DRAGON QUEST III HD-2D Remake,59.99,Square Enix,6587702,11/14/2024,,E10+ (Everyone 10+),4.8,16,Low Feedback,Moderate Price
7,We Love Katamari REROLL + Royal Reverie,19.99,Bandai Namco,6535557,06/02/2023,,E (Everyone),4.9,27,Low Feedback,Low Price
7,Street Fighter 6 Standard Edition,39.99,Capcom,6528695,06/02/2023,PlayStation 5,T (Teen 13+),4.7,479,Moderate Feedback,Moderate Price
7,Call of Duty: Modern Warfare II Standard Edition,52.99,Activision Publishing,6509888,10/28/2022,,M (Mature 17+),4.6,1609,High Feedback,Moderate Price
7,Suicide Squad: Kill The Justice League,31.99,Warner Bros. Games,6567924,02/02/2024,,M (Mature 17+),4.1,110,Moderate Feedback,Moderate Price
7,PGA Tour 2K23 Standard Edition,29.99,2K,6517870,10/14/2022,PlayStation 5,E (Everyone),4.5,206,Moderate Feedback,Moderate Price
7,The Walking Dead: Destinies,29.99,GameMill Entertainment,6557903,12/01/2023,,M (Mature 17+),3.8,40,Low Feedback,Moderate Price
7,"Watch Dogs: Legion Standard Edition,",14.99,Ubisoft,6350606,10/29/2020,PlayStation 5 / PlayStation 4,M (Mature 17+),4.4,600,Moderate Feedback,Low Price
7,"Yakuza: Like a Dragon,",14.99,SEGA,6413107,12/31/2020,,M (Mature 17+),4.8,609,Moderate Feedback,Low Price
7,TopSpin 2K25 Standard Edition,24.99,2K,6573309,04/26/2024,PlayStation 5,E (Everyone),3.5,12,Low Feedback,Moderate Price
7,DYNASTY WARRIORS: ORIGINS,69.99,Koei Tecmo,6593134,01/17/2025,,T (Teen 13+),5.0,3,Low Feedback,High Price
8,Dead Space,49.99,Electronic Arts,6522929,01/27/2023,,M (Mature 17+),4.9,982,Moderate Feedback,Moderate Price
8,"Days Gone,",39.99,Sony,5358601,04/26/2019,,M (Mature 17+),4.5,3004,High Feedback,Moderate Price
8,"Call of Duty:  Modern Warfare II Cross-Gen Edition,",52.99,Activision Publishing,6509887,10/28/2022,PlayStation 5 / PlayStation 4,M (Mature 17+),4.7,485,Moderate Feedback,Moderate Price
8,EA Sports FC 24 Standard Edition,23.99,Electronic Arts,6551242,09/29/2023,PlayStation 5,E (Everyone),4.7,983,Moderate Feedback,Moderate Price
8,Dead Island 2 Ultimate Edition,69.99,PLAION,6600416,10/22/2024,PlayStation 5,M (Mature 17+),5.0,2,Low Feedback,High Price
8,"Call of Duty: Modern Warfare Standard Edition,",59.99,Activision,6255127,10/25/2019,PlayStation 5 / PlayStation 4,M (Mature 17+),4.7,5919,High Feedback,Moderate Price
8,Dead Island 2,29.99,Koch Media,6517772,04/21/2023,,M (Mature 17+),4.5,388,Moderate Feedback,Moderate Price
8,Teenage Mutant Ninja Turtles: The Cowabunga Collection Standard Edition,19.99,Konami,6502995,08/30/2022,PlayStation 5,T (Teen 13+),4.7,320,Moderate Feedback,Low Price
8,Gigantosaurus Dino Sports,19.99,Outright Games,6583760,06/28/2024,,E (Everyone),4.0,1,Low Feedback,Low Price
8,Atari 50: The Anniversary Celebration Expanded Edition,39.99,Atari Interactive,6588796,11/08/2024,PlayStation 5,T (Teen 13+),3.5,4,Low Feedback,Moderate Price
8,Ys X: Nordics Deluxe Edition,59.99,Koei Tecmo,6577912,10/25/2024,PlayStation 5,T (Teen 13+),4.7,17,Low Feedback,Moderate Price
8,Forspoken,29.99,Square Enix,6492129,01/24/2023,,M (Mature 17+),4.2,384,Moderate Feedback,Moderate Price
8,Wild Hearts,19.99,Electronic Arts,6528656,02/16/2023,,T (Teen 13+),4.5,117,Moderate Feedback,Low Price
8,Hot Wheels Unleashed 2 Turbocharged,29.99,PLAION,6547045,10/19/2023,,E (Everyone),4.9,15,Low Feedback,Moderate Price
8,Star Wars Outlaws Gold Edition,79.99,Ubisoft,6578446,08/27/2024,PlayStation 5,T (Teen 13+),4.3,39,Low Feedback,High Price
8,Skull and Bones Limited Edition,14.99,Ubisoft,6512605,02/16/2024,PlayStation 5,M (Mature 17+),3.8,121,Moderate Feedback,Low Price
8,Demon's Souls Standard Edition,69.99,Sony Interactive Entertainment,6430152,11/12/2020,,M (Mature 17+),4.8,1882,High Feedback,High Price
8,AEW: Fight Forever Standard Edition,29.99,THQ Nordic Games,6515617,06/29/2023,PlayStation 5,T (Teen 13+),4.2,137,Moderate Feedback,Moderate Price
8,"Tony Hawk's Pro Skater 1 + 2 Standard Edition,",32.99,Activision,6413625,09/04/2020,,T (Teen 13+),4.8,1249,High Feedback,Moderate Price
9,Hello Neighbor 2 Standard Edition,19.99,Gearbox,6505080,12/06/2022,PlayStation 5,T (Teen 13+),4.3,27,Low Feedback,Low Price
9,Metaphor: ReFantazio Launch Edition,49.99,SEGA,6583422,10/11/2024,PlayStation 5,T (Teen 13+),4.9,58,Low Feedback,Moderate Price
9,"It Takes Two,",39.99,Electronic Arts,6444455,03/26/2021,,T (Teen 13+),4.9,685,Moderate Feedback,Moderate Price
9,RoboCop: Rogue City,46.99,Maximum Games,6536644,11/02/2023,,M (Mature 17+),4.5,126,Moderate Feedback,Moderate Price
9,DRAGON BALL: Sparking! ZERO,69.99,BANDAI NAMCO Entertainment,6569425,10/11/2024,,T (Teen 13+),4.3,202,Moderate Feedback,High Price
9,Mortal Kombat 11 Ultimate Edition,29.99,Warner Bros. Games,6414016,11/17/2020,,M (Mature 17+),4.8,824,Moderate Feedback,Moderate Price
9,"Diablo IV Cross-Gen Bundle Edition,",69.99,Activision Blizzard,6528892,06/06/2023,PlayStation 5 / PlayStation 4,M (Mature 17+),4.7,104,Moderate Feedback,High Price
9,Jurassic Park Classic Games Collection,39.99,Limited Run Games,6576543,06/07/2024,,E10+ (Everyone 10+),4.8,5,Low Feedback,Moderate Price
9,Octopath Traveler II,34.99,Square Enix,6522074,02/24/2023,,T (Teen 13+),4.8,115,Moderate Feedback,Moderate Price
9,Alone in the Dark Standard Edition,59.99,THQ Nordic Games,6525804,03/20/2024,PlayStation 5,M (Mature 17+),4.2,50,Low Feedback,Moderate Price
9,Remnant 2,49.99,THQ Nordic Games,6546591,07/25/2023,,M (Mature 17+),4.6,56,Low Feedback,Moderate Price
9,Hot Wheels Monster Trucks Stunt Mayhem,39.99,GameMill Entertainment,6595410,10/18/2024,,E (Everyone),5.0,2,Low Feedback,Moderate Price
9,Bluey: The Videogame,39.99,Outright Games,6560713,11/17/2023,,E (Everyone),4.6,68,Low Feedback,Moderate Price
9,Farming Simulator 25,59.99,Giants Software,6588262,11/12/2024,,E (Everyone),4.3,7,Low Feedback,Moderate Price
9,Metal Gear Solid: Master Collection Vol.1,31.99,Konami,6550377,10/24/2023,,M (Mature 17+),4.7,271,Moderate Feedback,Moderate Price
9,Tom Clancy's Rainbow Six Extraction Standard Edition,23.99,Ubisoft,6468473,01/20/2022,PlayStation 5,M (Mature 17+),4.3,113,Moderate Feedback,Moderate Price
9,Shantae,34.99,Limited Run Games,6514359,03/01/2024,,E10+ (Everyone 10+),4.8,13,Low Feedback,Moderate Price
10,Gotham Knights Standard Edition,29.99,Warner Bros. Games,6507722,10/21/2022,PlayStation 5,T (Teen 13+),4.1,549,Moderate Feedback,Moderate Price
10,Asphalt Legends UNITE: Supercharged Edition,39.99,Maximum Games,6585759,10/01/2024,,E (Everyone),4.3,3,Low Feedback,Moderate Price
10,Shantae and the Pirate's Curse,34.99,Limited Run Games,6514356,11/29/2022,,T (Teen 13+),4.9,49,Low Feedback,Moderate Price
10,Looney Tunes: Wacky World of Sports,42.99,GameMill Entertainment,6587807,09/27/2024,,E (Everyone),4.5,6,Low Feedback,Moderate Price
10,Super Mega Baseball 4 Standard Edition,19.99,Electronic Arts,6543695,06/02/2023,PlayStation 5,E (Everyone),4.6,43,Low Feedback,Low Price
10,"Assassin's Creed Mirage Deluxe Edition,",59.99,Ubisoft,6520421,10/05/2023,,M (Mature 17+),4.4,53,Low Feedback,Moderate Price
10,Dustborn Limited Edition,39.99,Quantic Dream,6580813,08/20/2024,PlayStation 5,M (Mature 17+),3.0,2,Low Feedback,Moderate Price
10,Let's Sing 2025,59.99,PLAION,6590040,11/05/2024,,T (Teen 13+),3.2,5,Low Feedback,Moderate Price
10,"Warhammer 40,000: Space Marine 2",69.99,PLAION,6576886,09/09/2024,,M (Mature 17+),4.0,87,Low Feedback,High Price
10,Alan Wake 2 Deluxe Edition,79.99,Epic Games,6586771,10/22/2024,PlayStation 5,M (Mature 17+),4.9,70,Low Feedback,High Price
10,NARUTO X BORUTO Ultimate Ninja STORM CONNECTIONS,29.99,Bandai Namco,6537075,11/17/2023,,T (Teen 13+),4.2,51,Low Feedback,Moderate Price
10,Master Detective Archives: RAIN CODE Plus: Lucid-Noir Limited Edition,99.99,Spike Chunsoft,6584159,10/01/2024,,M (Mature 17+),4.0,4,Low Feedback,High Price
10,Pickleball: Smash,19.99,GameMill Entertainment,6553318,10/24/2023,,E (Everyone),3.7,6,Low Feedback,Low Price
10,Payday 3 Standard Edition,29.99,PLAION,6547915,09/21/2023,PlayStation 5,M (Mature 17+),3.8,44,Low Feedback,Moderate Price
10,Saga of Sins,32.99,Red Art Games,6547049,02/09/2024,,E10+ (Everyone 10+),5.0,1,Low Feedback,Moderate Price
11,Star Ocean The Second Story R,28.99,Square Enix,6550484,11/02/2023,,T (Teen 13+),4.9,87,Low Feedback,Moderate Price
11,Atomic Heart Standard Edition,38.99,Maximum Games,6531038,02/21/2023,,M (Mature 17+),4.3,66,Low Feedback,Moderate Price
11,"Crash Team Rumble,",37.99,Activision,6540862,06/20/2023,,E10+ (Everyone 10+),4.2,15,Low Feedback,Moderate Price
11,MADiSON VR Cursed Edition,39.99,Perp Games,6561806,06/11/2024,,RP (Rating Pending),5.0,2,Low Feedback,Moderate Price
11,Matchbox  Driving Adventures,34.99,Outright Games,6586557,09/20/2024,,E (Everyone),5.0,1,Low Feedback,Moderate Price
11,NFS Unbound,19.99,Electronic Arts,6523085,12/02/2022,,T (Teen 13+),4.4,412,Moderate Feedback,Low Price
11,Visions of Mana,59.99,Square Enix,6569440,08/29/2024,,T (Teen 13+),4.8,19,Low Feedback,Moderate Price
11,Tiebreak: The Official Game of the ATP and WTA,49.99,Maximum Games,6576547,09/03/2024,,E (Everyone),3.8,4,Low Feedback,Moderate Price
11,Cat Quest III,29.99,Maximum Games,6584246,08/08/2024,,E10+ (Everyone 10+),4.0,1,Low Feedback,Moderate Price
11,The Grinch Christmas Adventures,39.99,Outright Games,6588242,09/27/2024,,E (Everyone),5.0,1,Low Feedback,Moderate Price
11,REYNATIS Deluxe Edition,53.99,Koei Tecmo,6578461,09/27/2024,PlayStation 5,T (Teen 13+),4.2,5,Low Feedback,Moderate Price
12,Slitterhead Day 1 Edition,59.99,XSEED Games,6587676,11/08/2024,,M (Mature 17+),3.8,11,Low Feedback,Moderate Price
12,Like a Dragon: Ishin!,59.99,Sega,6522049,02/21/2023,,M (Mature 17+),4.7,132,Moderate Feedback,Moderate Price
12,Unknown 9: Awakening,29.99,BANDAI NAMCO Entertainment,6579877,10/18/2024,,T (Teen 13+),2.5,2,Low Feedback,Moderate Price
12,Gravity Circuit,39.99,Red Art Games,6567968,06/28/2024,,E10+ (Everyone 10+),5.0,2,Low Feedback,Moderate Price
12,EA Sports PGA Tour,29.99,Electronic Arts,6532138,04/07/2023,,E (Everyone),4.4,201,Moderate Feedback,Moderate Price
12,The Karate Kid Street Rumble,39.99,Gamemill Entertainment,6589799,09/20/2024,,E10+ (Everyone 10+),4.3,3,Low Feedback,Moderate Price
12,Under the Waves,29.99,Quantic Dream,6549976,08/29/2023,,M (Mature 17+),4.9,8,Low Feedback,Moderate Price
12,Tomb Raider I-III Remastered Starring Lara Croft,19.99,Aspyr Media,6584963,10/18/2024,,T (Teen 13+),4.8,16,Low Feedback,Low Price
12,Eiyuden Chronicle: HUNDRED HEROES,46.99,505 Games,6563684,04/23/2024,,E10+ (Everyone 10+),4.5,34,Low Feedback,Moderate Price
12,Destruction AllStars,19.99,PlayStation,6459523,04/30/2021,,T (Teen 13+),4.2,55,Low Feedback,Low Price
12,DRAGON BALL FighterZ,19.99,BANDAI NAMCO Entertainment,6579199,05/24/2024,,T (Teen 13+),5.0,3,Low Feedback,Low Price
12,Atelier Ryza 3: Alchemist of the End & the Secret Key,59.99,Koei Tecmo,6523299,03/24/2023,,T (Teen 13+),4.9,17,Low Feedback,Moderate Price
12,Farming Simulator 22 Premium Edition,59.99,Giants Software,6560929,12/05/2023,PlayStation 5,E (Everyone),5.0,3,Low Feedback,Moderate Price
12,Just Dance 2025 Limited Edition,49.99,Ubisoft,6587708,10/15/2024,PlayStation 5,E10+ (Everyone 10+),2.5,10,Low Feedback,Moderate Price
12,Disney Dreamlight Valley Cozy Edition,39.99,Nighthawk Interactive,6559228,11/10/2023,PlayStation 5,E (Everyone),4.9,35,Low Feedback,Moderate Price
13,30 Sport Games in 1,29.99,Maximum Games,6553349,02/27/2024,,E (Everyone),4.4,7,Low Feedback,Moderate Price
13,Halloween and Ash vs Evil Dead RetroRealms Double Feature,49.99,Nighthawk Interactive,6595226,10/25/2024,,M (Mature 17+),5.0,6,Low Feedback,Moderate Price
13,Cobra Kai 2 Dojos Rising,29.99,GameMill Entertainment,6512297,11/08/2022,,T (Teen 13+),3.5,11,Low Feedback,Moderate Price
13,Guilty Gear Strive 25th Anniversary Edition,109.99,Koei Tecmo,6577570,05/07/2024,,T (Teen 13+),4.8,6,Low Feedback,High Price
13,UFO Robot Grendizer: The Feast of the Wolves﻿,35.99,Microids,6540369,01/16/2024,,T (Teen 13+),4.7,10,Low Feedback,Moderate Price
13,Jujutsu Kaisen Cursed Clash,29.99,BANDAI NAMCO Entertainment,6550441,02/02/2024,,T (Teen 13+),3.5,17,Low Feedback,Moderate Price
13,The Texas Chain Saw Massacre 50th Anniversary  Steelbook Collector's Edition,99.99,Nighthawk Interactive,6590030,10/25/2024,PlayStation 5,M (Mature 17+),1.0,5,Low Feedback,High Price
13,Dragon Ball Z: Kakarot Standard Edition,19.99,Bandai Namco,6522587,01/13/2023,PlayStation 5,T (Teen 13+),4.8,181,Moderate Feedback,Low Price
13,Neon White,31.99,Skybound,6546384,09/12/2023,,T (Teen 13+),5.0,2,Low Feedback,Moderate Price
13,Persona 5 Royal 1 More Edition,119.99,SEGA,6557689,09/15/2023,PlayStation 5,M (Mature 17+),3.7,3,Low Feedback,High Price
13,Empire of the Ants,49.99,Microids,6579000,11/07/2024,,E10+ (Everyone 10+),4.0,4,Low Feedback,Moderate Price
14,"Death Stranding Standard Edition,",39.99,Sony,5360401,11/08/2019,,M (Mature 17+),4.4,1757,High Feedback,Moderate Price
14,Wild Bastards,39.99,Maximum Games,6579209,09/12/2024,,M (Mature 17+),5.0,1,Low Feedback,Moderate Price
14,Super Bomberman R 2,29.99,Konami,6541077,09/12/2023,,E10+ (Everyone 10+),4.8,6,Low Feedback,Moderate Price
14,Eternights,29.99,Maximum Games,6560716,11/16/2023,,M (Mature 17+),4.5,21,Low Feedback,Moderate Price
14,"Nioh 2 Standard Edition,",39.99,Sony,6255295,03/13/2020,,M (Mature 17+),4.6,689,Moderate Feedback,Moderate Price
14,Rugrats Adventures in Gameland,39.99,Limited Run Games,6578472,12/06/2024,,RP (Rating Pending),5.0,1,Low Feedback,Moderate Price
14,Pepper Grinder,29.99,Devolver Digital,6588216,10/04/2024,,E10+ (Everyone 10+),4.7,3,Low Feedback,Moderate Price
14,Expeditions: A Mudrunner Game!,29.99,PLAION,6570206,03/05/2024,,E (Everyone),3.9,7,Low Feedback,Moderate Price
14,Halloween and Ash vs Evil Dead RetroRealms Double Feature Special Edition,79.99,Nighthawk Interactive,6595229,10/31/2024,PlayStation 5,M (Mature 17+),5.0,6,Low Feedback,High Price
14,Coffee Talk Single Shot Edition,39.99,Serenity Forge,6532364,10/24/2023,PlayStation 5,M (Mature 17+),5.0,2,Low Feedback,Moderate Price
14,A Plague Tale Collection,49.99,Maximum Games,6602960,12/05/2024,,M (Mature 17+),5.0,7,Low Feedback,Moderate Price
15,"Monopoly Plus + Monopoly Madness,",49.99,Ubisoft,6486774,12/09/2021,,E (Everyone),4.5,44,Low Feedback,Moderate Price
15,Life Is Strange: Double Exposure,49.99,Square Enix,6587216,10/29/2024,,M (Mature 17+),4.2,22,Low Feedback,Moderate Price
15,DreamWorks Trolls Remix Rescue,29.99,GameMill Entertainment,6553305,10/27/2023,,E (Everyone),4.7,10,Low Feedback,Moderate Price
15,Bomb Rush Cyberfunk,39.99,Skybound,6561801,12/05/2023,,T (Teen 13+),4.8,18,Low Feedback,Moderate Price
15,Trinity Trigger Day 1 Edition,29.99,Xseed Games,6524831,04/25/2023,,E10+ (Everyone 10+),4.8,28,Low Feedback,Moderate Price
15,Yars Rising,29.99,Atari Interactive,6585757,09/10/2024,,E10+ (Everyone 10+),5.0,1,Low Feedback,Moderate Price
15,One Piece Odyssey,19.99,Bandai Namco,6503826,01/13/2023,,T (Teen 13+),4.7,105,Moderate Feedback,Low Price
15,Marvel's Midnight Suns Enhanced Edition,19.99,2K,6509602,12/02/2022,PlayStation 5,T (Teen 13+),4.1,155,Moderate Feedback,Low Price
15,"Call of Duty: Modern Warfare III Cross-Gen Bundle Edition,",69.99,Activision Blizzard,6558584,11/10/2023,PlayStation 5 / PlayStation 4,M (Mature 17+),4.7,165,Moderate Feedback,High Price
16,Story of Seasons: A Wonderful Life Premium Edition,39.99,Xseed Games,6531048,06/27/2023,,E (Everyone),4.8,8,Low Feedback,Moderate Price
16,Outer Wilds Archaeologist Edition,39.99,Iam8bit,6578462,08/30/2024,PlayStation 5,E10+ (Everyone 10+),3.1,8,Low Feedback,Moderate Price
16,The Oregon Trail Deluxe Edition,39.99,Maximum Games,6583426,07/18/2024,PlayStation 5,E10+ (Everyone 10+),4.8,5,Low Feedback,Moderate Price
16,Totally Spies! - Cyber Mission,39.99,Microids,6593122,11/08/2024,,E (Everyone),5.0,1,Low Feedback,Moderate Price
16,Little Big Adventure - Twinsen's Quest Limited Edition,39.99,Microids,6593161,01/03/2025,PlayStation 5,E10+ (Everyone 10+),5.0,1,Low Feedback,Moderate Price
16,Crash Team Rumble,39.99,Activision,6540863,06/20/2023,,E10+ (Everyone 10+),4.0,51,Low Feedback,Moderate Price
16,A Space for the Unbound Collector's Edition,99.99,Serenity Forge,6553363,04/02/2024,PlayStation 5,T (Teen 13+),5.0,1,Low Feedback,High Price
16,Killer Klowns from Outer Space,39.99,Skybound,6595214,10/15/2024,,M (Mature 17+),5.0,1,Low Feedback,Moderate Price
16,The Lord of the Rings: Return to Moria,29.99,North Beach Games,6561826,12/05/2023,,T (Teen 13+),4.1,14,Low Feedback,Moderate Price
16,"Call of Duty: Black Ops Cold War Standard Edition,",59.99,Activision Publishing,6413914,11/13/2020,PlayStation 5 / PlayStation 4,M (Mature 17+),4.6,1895,High Feedback,Moderate Price
16,"El Paso, Elsewhere",29.99,Nighthawk Interactive,6589271,09/27/2024,,M (Mature 17+),5.0,3,Low Feedback,Moderate Price
17,"Dying Light 2 Stay Human Standard Edition,",59.99,Square Enix,6255135,02/04/2022,,M (Mature 17+),4.5,116,Moderate Feedback,Moderate Price
17,Blasphemous II Limited Collector's Edition,99.99,Selecta Play,6571348,08/20/2024,PlayStation 5,M (Mature 17+),4.8,4,Low Feedback,High Price
17,"Tales of Arise,",18.99,BANDAI NAMCO Entertainment,6352245,09/10/2021,,T (Teen 13+),4.8,125,Moderate Feedback,Low Price
17,WitchSpring R,39.99,PM Studios,6587395,10/11/2024,,E10+ (Everyone 10+),5.0,1,Low Feedback,Moderate Price
17,Smile For Me Collector's Edition,70.99,Serenity Forge,6531045,11/21/2023,PlayStation 5,E10+ (Everyone 10+),5.0,1,Low Feedback,High Price
17,Pacific Drive Deluxe Edition,39.99,Maximum Games,6568817,04/09/2024,,T (Teen 13+),4.7,16,Low Feedback,Moderate Price
17,Sea of Stars,24.99,Iam8bit,6574283,05/10/2024,,E10+ (Everyone 10+),4.8,12,Low Feedback,Moderate Price
17,Rhapsody: Marl Kingdom Chronicles Deluxe Edition,49.99,Koei Tecmo,6536651,08/29/2023,,T (Teen 13+),4.0,1,Low Feedback,Moderate Price
17,"Rabbids: Party of Legends,",39.99,Ubisoft,6507646,06/30/2022,,E (Everyone),4.6,26,Low Feedback,Moderate Price
17,Flashback 2 Limited Edition,49.99,Microids,6551722,02/16/2024,PlayStation 5,T (Teen 13+),3.5,2,Low Feedback,Moderate Price
17,SOUTH PARK: SNOW DAY! Collector's Edition,219.99,THQ Nordic,6571310,03/26/2024,PlayStation 5,M (Mature 17+),3.9,7,Low Feedback,High Price
18,Super Woden GP Podium Edition,29.99,GS2 Game,6599670,11/26/2024,PlayStation 5,E (Everyone),4.0,1,Low Feedback,Moderate Price
18,My Time at Sandrock Collector's Edition,74.99,PM Studios,6548165,11/17/2023,PlayStation 5,E10+ (Everyone 10+),3.5,2,Low Feedback,High Price
18,Humankind Heritage Edition,44.99,SEGA,6557688,10/10/2023,,E10+ (Everyone 10+),4.5,2,Low Feedback,Moderate Price
18,Potionomics Masterwork Edition,49.99,XSEED Games,6581955,10/22/2024,PlayStation 5,E10+ (Everyone 10+),2.0,1,Low Feedback,Moderate Price
18,Teenage Mutant Ninja Turtles: Shredder’s Revenge Anniversary Edition,34.99,Limited Run Games,6561937,12/15/2023,PlayStation 5,E10+ (Everyone 10+),4.9,15,Low Feedback,Moderate Price
18,Returnal Standard Edition,69.99,PlayStation Studios,6430755,04/30/2021,,T (Teen 13+),4.6,767,Moderate Feedback,High Price
18,DRAGON BALL XENOVERSE 2,19.99,BANDAI NAMCO Entertainment,6578457,05/24/2024,,T (Teen 13+),5.0,4,Low Feedback,Low Price
18,A Tale of Paper: Refolded,29.99,Selecta Play,6572527,05/03/2024,,E (Everyone),3.0,2,Low Feedback,Moderate Price
19,Avatar The Last Airbender: Quest for Balance,29.99,GameMill Entertainment,6549702,09/22/2023,,E10+ (Everyone 10+),3.9,26,Low Feedback,Moderate Price
19,INDIKA,29.99,Merge Games,6587539,09/13/2024,,M (Mature 17+),4.4,7,Low Feedback,Moderate Price
19,Outcast – A New Beginning,69.99,THQ Nordic,6483861,03/15/2024,,T (Teen 13+),3.4,5,Low Feedback,High Price
19,"Watch Dogs: Legion Gold Edition SteelBook,",87.99,Ubisoft,6350754,10/29/2020,PlayStation 5 / PlayStation 4,M (Mature 17+),4.3,39,Low Feedback,High Price
19,Starship Troopers: Extermination,34.99,Knights Peak,6586813,10/11/2024,,T (Teen 13+),3.2,6,Low Feedback,Moderate Price
19,Demon Slayer -Kimetsu no Yaiba- Sweep the Board!,59.99,SEGA,6585760,07/16/2024,,T (Teen 13+),5.0,1,Low Feedback,Moderate Price
19,PlateUp! Standard Edition,39.99,PM Studios,6546378,03/26/2024,PlayStation 5,E (Everyone),5.0,1,Low Feedback,Moderate Price
19,Gori: Cuddly Carnage,29.99,Wired Productions,6566158,10/29/2024,,M (Mature 17+),5.0,5,Low Feedback,Moderate Price
20,Super Crazy Rhythm Castle,19.99,Konami,6560686,11/14/2023,,E10+ (Everyone 10+),4.0,1,Low Feedback,Low Price
20,Vernal Edge,34.99,Red Art Games,6540365,12/15/2023,,T (Teen 13+),4.5,2,Low Feedback,Moderate Price
20,Test Drive Unlimited: Solar Crown,59.99,Maximum Games,6579200,09/12/2024,,E10+ (Everyone 10+),3.8,6,Low Feedback,Moderate Price
20,The Lord of the Rings: Gollum,39.99,Maximum Games,6511444,05/25/2023,,T (Teen 13+),2.3,47,Low Feedback,Moderate Price
20,"SpongeBob SquarePants: Battle for Bikini Bottom - Rehydrated Shiny Edition,",89.99,THQ Nordic,6389305,06/23/2020,PlayStation 5 / PlayStation 4,E10+ (Everyone 10+),4.8,13,Low Feedback,High Price
20,White Day 2: The Flower That Tells Lies Complete Edition,39.99,PQube,6577928,08/16/2024,,RP (Rating Pending),3.0,1,Low Feedback,Moderate Price
20,Trine 5: A Clockwork Conspiracy,29.99,THQ Nordic Games,6543734,08/31/2023,,E10+ (Everyone 10+),5.0,3,Low Feedback,Moderate Price
20,Gundam Breaker 4 Launch Edition,39.99,BANDAI NAMCO Entertainment,6577671,08/29/2024,PlayStation 5,T (Teen 13+),5.0,5,Low Feedback,Moderate Price
20,Sonic Superstars,19.99,SEGA,6509090,10/17/2023,,E (Everyone),4.5,218,Moderate Feedback,Low Price
20,"Immortals Fenyx Rising Standard Edition,",29.99,Ubisoft,6355876,12/03/2020,PlayStation 4 / PlayStation 5,T (Teen 13+),4.6,268,Moderate Feedback,Moderate Price
20,The Walking Dead: Saints & Sinners - Chapter 2: Retribution Payback Edition,49.99,Maximum Games,6531978,11/16/2023,,M (Mature 17+),4.8,4,Low Feedback,Moderate Price
21,Riders Republic Standard Edition,29.99,Ubisoft,6431051,10/28/2021,PlayStation 5,T (Teen 13+),4.4,288,Moderate Feedback,Moderate Price
21,Arcade Game Zone,29.99,Maximum Games,6563078,03/19/2024,,E (Everyone),4.3,4,Low Feedback,Moderate Price
21,The Smurfs - Dreams,49.99,Microids,6588210,10/24/2024,,E (Everyone),5.0,2,Low Feedback,Moderate Price
21,Nickelodeon All Star Brawl 2 Standard Edition,21.99,GameMill Entertainment,6553315,12/01/2023,PlayStation 5,E10+ (Everyone 10+),4.8,44,Low Feedback,Moderate Price
21,Jagged Alliance 3,45.99,THQ Nordic,6560817,11/16/2023,,M (Mature 17+),4.5,2,Low Feedback,Moderate Price
21,SpongeBob SquarePants - A Patrick Star Game Standard Edition,35.99,Outright Games,6599140,10/04/2024,PlayStation 5,E (Everyone),3.7,3,Low Feedback,Moderate Price
21,Neptunia Game Maker R:Evolution,49.99,Idea Factory,6551758,05/14/2024,,T (Teen 13+),5.0,1,Low Feedback,Moderate Price
21,Sword Art Online,29.99,Namco,6539661,10/06/2023,,T (Teen 13+),4.2,6,Low Feedback,Moderate Price
21,Paradise Killer Collector's Edition,89.99,PM Studios,6535793,01/30/2024,PlayStation 5,M (Mature 17+),3.0,2,Low Feedback,High Price
21,Pneumata,39.99,Perp Games,6559714,10/04/2024,,M (Mature 17+),4.0,2,Low Feedback,Moderate Price
21,Deep Rock Galactic Special Edition,39.99,Skybound,6559689,11/17/2023,,T (Teen 13+),5.0,2,Low Feedback,Moderate Price
21,Atlas Fallen,59.99,Maximum Games,6531036,08/10/2023,,T (Teen 13+),3.8,25,Low Feedback,Moderate Price
21,Teenage Mutant Ninja Turtles: Mutants Unleashed,39.99,Outright Games,6579022,10/18/2024,,E10+ (Everyone 10+),4.3,9,Low Feedback,Moderate Price
22,Little League World Series,19.99,GameMill Entertainment,6510336,08/17/2022,,E (Everyone),3.8,12,Low Feedback,Low Price
22,Soul Hackers 2 Launch Edition,59.99,SEGA,6509801,08/26/2022,PlayStation 5,M (Mature 17+),4.5,135,Moderate Feedback,Moderate Price
22,Lords of the Fallen Standard Edition,35.99,CI Games,6543760,10/13/2023,PlayStation 5,M (Mature 17+),4.3,117,Moderate Feedback,Moderate Price
22,The Smurfs 2: Prisoner of the Green Stone,39.99,Microids,6547053,12/01/2023,,E10+ (Everyone 10+),1.0,1,Low Feedback,Moderate Price
22,Games Advent Calendar 2024,17.49,Mindscape,6594272,10/04/2024,,E (Everyone),1.0,1,Low Feedback,Low Price
22,Ghostwire Tokyo Standard Edition,30.99,Bethesda,6495098,03/25/2022,,T (Teen 13+),4.5,284,Moderate Feedback,Moderate Price
22,Deathloop Standard Edition,24.99,Bethesda,6441960,09/14/2021,PlayStation 5,M (Mature 17+),4.5,891,Moderate Feedback,Moderate Price
22,Suicide Squad: Kill the Justice League Deluxe Edition,99.99,Warner Bros. Games,6567926,01/30/2024,PlayStation 5,M (Mature 17+),4.0,113,Moderate Feedback,High Price
22,Dead Island 2 HELL-A Edition,99.99,PLAION,6517773,04/21/2023,,M (Mature 17+),4.8,192,Moderate Feedback,High Price
22,System Shock,29.99,PLAION,6579010,05/21/2024,,M (Mature 17+),4.6,13,Low Feedback,Moderate Price
22,"Assassin’s Creed Valhalla Ragnarok Edition,",39.99,Ubisoft,6492515,03/10/2022,,M (Mature 17+),4.6,107,Moderate Feedback,Moderate Price
22,The Nioh Collection,69.99,PlayStation Studios,6442989,02/05/2021,,M (Mature 17+),4.8,205,Moderate Feedback,High Price
23,The Legend of Heroes: Trails of Cold Steel III / The Legend of Heroes: Trails of Cold Steel IV Deluxe Edition,69.99,Koei Tecmo,6563052,02/16/2024,,T (Teen 13+),4.2,6,Low Feedback,High Price
23,Funko Fusion,59.99,Skybound,6583390,09/13/2024,,T (Teen 13+),3.5,14,Low Feedback,Moderate Price
23,Romancing SaGa 2: Revenge of the Seven,49.99,Square Enix,6587706,10/24/2024,,T (Teen 13+),4.5,2,Low Feedback,Moderate Price
23,Flintlock: The Siege of Dawn Deluxe Edition,47.99,Maximum Games,6567959,07/18/2024,PlayStation 5,M (Mature 17+),4.8,4,Low Feedback,Moderate Price
23,The Crew Motorfest Standard Edition,19.99,Ubisoft,6548067,09/14/2023,PlayStation 5,T (Teen 13+),4.7,187,Moderate Feedback,Low Price
23,Final Fantasy VII REMAKE Intergrade,69.99,Square Enix,6454989,06/10/2021,,T (Teen 13+),4.8,238,Moderate Feedback,High Price
23,Elden Ring Standard Edition,46.99,BANDAI NAMCO Entertainment,6468170,02/25/2022,PlayStation 5,M (Mature 17+),4.8,1663,High Feedback,Moderate Price
23,Undisputed,59.99,PLAION,6584646,10/11/2024,,T (Teen 13+),4.2,59,Low Feedback,Moderate Price
23,COCOON,29.99,Iam8bit,6585726,09/24/2024,,E (Everyone),5.0,1,Low Feedback,Moderate Price
23,A Quiet Place: The Road Ahead,29.99,Saber Interactive,6593718,10/17/2024,,M (Mature 17+),4.6,16,Low Feedback,Moderate Price
23,Metaphor: ReFantazio Collector's Edition,149.99,SEGA,6583419,10/11/2024,PlayStation 5,T (Teen 13+),4.4,17,Low Feedback,High Price
23,Sonic Frontiers,19.99,Sega,6517771,11/08/2022,,E10+ (Everyone 10+),4.6,619,Moderate Feedback,Low Price
24,Shin Megami Tensei V: Vengeance Steelbook Launch Edition,44.99,SEGA,6578471,06/14/2024,PlayStation 5,M (Mature 17+),4.8,39,Low Feedback,Moderate Price
24,Marvel's Spider-Man 2 Launch Edition,69.99,PlayStation,6548298,10/20/2023,,T (Teen 13+),4.9,2598,High Feedback,High Price
24,Slave Zero X Calamity Edition,39.99,Ziggurat Interactive,6569407,05/17/2024,PlayStation 5,M (Mature 17+),5.0,2,Low Feedback,Moderate Price
24,Greyhill Incident Abducted Edition,19.99,Perpetual Games,6547003,07/11/2023,,M (Mature 17+),4.3,20,Low Feedback,Low Price
24,Sand Land Standard Edition,39.99,BANDAI NAMCO Entertainment,6547996,04/26/2024,PlayStation 5,T (Teen 13+),4.6,18,Low Feedback,Moderate Price
24,NBA 2K24 Kobe Bryant Edition,19.99,2K,6550657,09/08/2023,PlayStation 5,E (Everyone),4.7,995,Moderate Feedback,Low Price
24,Ride 5,29.99,PLAION,6542682,08/24/2023,,E (Everyone),4.0,6,Low Feedback,Moderate Price
24,Hubris,19.99,Perp Games,6579023,06/11/2024,,RP (Rating Pending),4.8,4,Low Feedback,Low Price
24,Daymare: 1994 - Sandcastle Standard Edition,29.99,GS2 Games,6521002,08/30/2023,PlayStation 5,M (Mature 17+),4.2,9,Low Feedback,Moderate Price
24,Tintin Reporter: Cigars of the Pharaoh,49.99,Microids,6539676,01/16/2024,,T (Teen 13+),3.7,3,Low Feedback,Moderate Price
24,Armored Core VI Fires of Rubicon,39.99,Bandai Namco,6537271,08/25/2023,,T (Teen 13+),4.8,297,Moderate Feedback,Moderate Price
24,Classified: France '44,14.99,Fireshine Games,6574083,03/05/2024,,M (Mature 17+),5.0,2,Low Feedback,Low Price
24,Still Wakes the Deep,34.99,Secret Mode,6583745,06/18/2024,,M (Mature 17+),3.3,18,Low Feedback,Moderate Price
24,EVERSPACE 2 Stellar Edition,59.99,Maximum Games,6539667,10/03/2023,PlayStation 5,T (Teen 13+),5.0,1,Low Feedback,Moderate Price
25,Daymare: 1994 - Sandcastle Collector's Edition,49.99,GS2 Games,6523171,09/26/2023,,M (Mature 17+),3.7,6,Low Feedback,Moderate Price
25,Rollercoater Tycoon Adventures Deluxe Edition,29.99,Atari,6550397,11/03/2023,PlayStation 5,E (Everyone),3.4,7,Low Feedback,Moderate Price
25,Final Fantasy VII Rebirth Deluxe Edition,99.99,Square Enix,6561924,02/29/2024,,T (Teen 13+),4.3,658,Moderate Feedback,High Price
25,Aliens: Dark Descent,29.99,Maximum Games,6540353,06/20/2023,,M (Mature 17+),4.4,30,Low Feedback,Moderate Price
25,Jumanji: Wild Adventures,19.99,Outright Games,6559721,11/03/2023,,E10+ (Everyone 10+),5.0,2,Low Feedback,Low Price
25,MX vs ATV Legends 2024 Monster Energy Supercross Edition,29.99,THQ Nordic,6577910,04/23/2024,PlayStation 5,E (Everyone),5.0,1,Low Feedback,Moderate Price
25,Lords of the Fallen Deluxe Edition,39.99,CI Games,6544141,10/13/2023,PlayStation 5,M (Mature 17+),4.4,88,Low Feedback,Moderate Price
25,Persona 5 Royal Steelbook Launch Edition,59.99,Sega,6521238,10/21/2022,,M (Mature 17+),4.9,78,Low Feedback,Moderate Price
25,Endzone - A World Apart Complete Edition,29.99,Red Art Games,6543753,08/18/2023,,T (Teen 13+),1.0,1,Low Feedback,Moderate Price
25,The Invincible,27.99,Maximum Games,6557697,11/07/2023,,M (Mature 17+),5.0,3,Low Feedback,Moderate Price
26,Granblue Fantasy: Relink Deluxe Edition,69.99,XSEED Games,6560707,02/01/2024,,T (Teen 13+),4.9,24,Low Feedback,High Price
26,Monochrome Mobius: Rights and Wrongs Forgotten Deluxe Edition,39.99,Koei Tecmo,6543787,09/05/2023,PlayStation 5,T (Teen 13+),5.0,5,Low Feedback,Moderate Price
26,Hell Let Loose Deluxe Edition,39.99,Fireshine Games,6604331,11/12/2024,PlayStation 5,M (Mature 17+),3.0,2,Low Feedback,Moderate Price
26,Final Fantasy XVI Deluxe Edition,79.99,Square Enix,6528681,06/22/2023,,M (Mature 17+),4.6,988,Moderate Feedback,High Price
26,Construction Simulator Gold Edition,49.99,Astragon Entertainment,6577906,04/23/2024,,E (Everyone),5.0,1,Low Feedback,Moderate Price
26,Cyberpunk 2077 Ultimate Edition,59.99,CD Projekt Red,6567719,12/05/2023,PlayStation 5,M (Mature 17+),4.6,98,Low Feedback,Moderate Price
26,Valkyrie Elysium,19.99,Square Enix,6512653,09/29/2022,,T (Teen 13+),4.4,242,Moderate Feedback,Low Price
26,41 Hours,29.99,GS2 Games,6550430,07/25/2023,,T (Teen 13+),5.0,1,Low Feedback,Moderate Price
26,Fortnite - Transformers Pack,19.99,Epic Games,6550433,10/13/2023,,T (Teen 13+),4.7,68,Low Feedback,Low Price
26,The Last Faith The Nycrux Edition,49.99,Playstack,6579038,09/13/2024,PlayStation 5,T (Teen 13+),5.0,2,Low Feedback,Moderate Price
26,Double Dragon Gaiden: Rise of the Dragons,21.99,Maximum Games,6544896,07/27/2023,,E10+ (Everyone 10+),4.5,15,Low Feedback,Moderate Price
26,Call of Duty: Modern Warfare III Standard Edition,69.99,Activision Blizzard,6558585,11/10/2023,,M (Mature 17+),4.5,891,Moderate Feedback,High Price
27,My Life: Pet Vet,29.99,Mindscape,6574092,06/21/2024,,E (Everyone),5.0,1,Low Feedback,Moderate Price
27,Slave Zero X,19.99,Ziggurat Interactive,6569404,05/17/2024,,M (Mature 17+),4.0,1,Low Feedback,Low Price
27,Morbid: The Lords Of Ire Standard Edition,34.99,Maximum Games,6576540,05/17/2024,PlayStation 5,M (Mature 17+),5.0,3,Low Feedback,Moderate Price
27,House Flipper 2,41.99,Merge Games,6570227,05/03/2024,,E (Everyone),5.0,1,Low Feedback,Moderate Price
27,Squirrel With A Gun,29.99,Maximum Games,6582535,10/15/2024,,T (Teen 13+),4.2,6,Low Feedback,Moderate Price
27,Police Simulator Gold Edition,39.99,Astragon Entertainment,6580575,06/18/2024,PlayStation 5,T (Teen 13+),4.0,4,Low Feedback,Moderate Price
27,Blazing Strike Limited Edition,59.99,Aksys Games,6505782,10/17/2024,PlayStation 5,T (Teen 13+),5.0,1,Low Feedback,Moderate Price
27,Seed of Life,35.99,GS2 Games,6521001,05/28/2024,,E (Everyone),3.5,2,Low Feedback,Moderate Price
27,CRYMACHINA Deluxe Edition,27.99,Koei Tecmo,6544831,10/24/2023,PlayStation 5,T (Teen 13+),4.5,4,Low Feedback,Moderate Price
27,Master Detective Archives: RAIN CODE Plus,59.99,Spike Chunsoft,6584158,10/01/2024,,M (Mature 17+),5.0,2,Low Feedback,Moderate Price
27,Vertigo 2,34.99,Perp Games,6579019,05/21/2024,,RP (Rating Pending),5.0,1,Low Feedback,Moderate Price
27,Hyper-5,34.99,VGNYsoft,6579032,06/26/2024,,E10+ (Everyone 10+),1.0,1,Low Feedback,Moderate Price
27,ArcRunner,23.99,PQube,6553374,04/18/2024,,RP (Rating Pending),5.0,1,Low Feedback,Moderate Price
27,MX vs ATV Legends Season Two,29.99,THQ Nordic,6595219,10/22/2024,,E (Everyone),3.0,2,Low Feedback,Moderate Price
28,Like a Dragon: Infinite Wealth,24.99,SEGA,6562591,01/26/2024,,M (Mature 17+),4.9,156,Moderate Feedback,Moderate Price
28,The Quarry Standard Edition,17.99,2K,6502518,06/10/2022,PlayStation 5,M (Mature 17+),4.6,350,Moderate Feedback,Low Price
28,BANISHERS: Ghosts of New Eden,59.99,Maximum Games,6549228,02/13/2024,,T (Teen 13+),4.8,20,Low Feedback,Moderate Price
28,Lies of P,59.99,Fireshine Games,6538675,09/19/2023,,M (Mature 17+),4.8,182,Moderate Feedback,Moderate Price
28,"Warhammer 40,000: Space Marine 2 Gold Edition",99.99,PLAION,6576885,09/05/2024,PlayStation 5,M (Mature 17+),3.5,12,Low Feedback,High Price
28,Smalland: Survive the Wilds,35.99,Merge Games,6562601,02/15/2024,,T (Teen 13+),4.0,1,Low Feedback,Moderate Price
28,Welcome to ParadiZe,35.99,Maximum Games,6568518,02/29/2024,,M (Mature 17+),4.8,4,Low Feedback,Moderate Price
28,As Dusk Falls Premium Physical Edition,44.99,Serenity Forge,6570198,06/04/2024,,M (Mature 17+),4.0,1,Low Feedback,Moderate Price
28,Disgaea 7: Vows of the Virtueless Deluxe Edition,27.99,Koei Tecmo,6536646,10/03/2023,PlayStation 5,T (Teen 13+),5.0,10,Low Feedback,Moderate Price
28,Cat Rescue Story,39.99,Maximum Games,6583763,09/26/2024,,E (Everyone),5.0,1,Low Feedback,Moderate Price
28,Inspector Gadget: Mad Time Party,39.99,Maximum Games,6546610,10/17/2023,,E (Everyone),3.0,4,Low Feedback,Moderate Price
28,CONSCRIPT Deluxe Edition,29.99,Astragon Entertainment,6586183,10/08/2024,PlayStation 5,M (Mature 17+),5.0,1,Low Feedback,Moderate Price
28,Contraptions Collection,23.99,GS2 Games,6569418,03/26/2024,,E (Everyone),1.0,1,Low Feedback,Moderate Price
28,Dragon Ball: Sparking! ZERO Ultimate Edition,109.99,BANDAI NAMCO Entertainment,6586781,10/08/2024,PlayStation 5,T (Teen 13+),3.6,119,Moderate Feedback,High Price
28,Bramble - The Mountain King,34.99,Merge Games,6531991,04/28/2023,,M (Mature 17+),4.9,27,Low Feedback,Moderate Price
28,Train Sim World 4,49.99,Maximum Games,6562589,03/12/2024,,E (Everyone),4.0,1,Low Feedback,Moderate Price
28,Poppy Playtime Triple Pack,29.99,Maximum Games,6597132,10/31/2024,,T (Teen 13+),5.0,5,Low Feedback,Moderate Price
29,HappyFunland Souvenir Edition,17.49,Perp Games,6553434,04/30/2024,,M (Mature 17+),5.0,6,Low Feedback,Low Price
29,DREDGE Complete Collector's Edition,99.99,Astragon Entertainment,6586770,12/17/2024,PlayStation 5,E10+ (Everyone 10+),5.0,1,Low Feedback,High Price
29,Ultros Deluxe Edition,35.99,Maximum Games,6568514,02/13/2024,,T (Teen 13+),4.7,11,Low Feedback,Moderate Price
29,Paleo Pines: The Dino Valley,29.99,Maximum Games,6543757,09/26/2023,,E (Everyone),4.0,1,Low Feedback,Moderate Price
29,The Grinch: Christmas Adventures,9.99,Outright Games,6559719,10/13/2023,,E (Everyone),5.0,3,Low Feedback,Low Price
29,The Stanley Parable: Ultra Deluxe,29.99,Iam8bit,6580157,10/15/2024,,T (Teen 13+),4.7,3,Low Feedback,Moderate Price
29,Monster Jam Showdown,35.99,PLAION,6579002,08/29/2024,,E (Everyone),4.8,4,Low Feedback,Moderate Price
29,Elden Ring Shadow of the Erdtree Edition,79.99,BANDAI NAMCO Entertainment,6577661,06/21/2024,PlayStation 5,M (Mature 17+),4.8,24,Low Feedback,High Price
